session_id,station_id,vehicle_type,connector_type,start_time,duration_minutes,energy_kwh,city,latitude,longitude,temperature_c,is_weekday,hour_of_day
session_1179,station_13,Volkswagen ID.4,Type 2,2025-04-25 23:10:08,120,73.38715387822893,Philadelphia,37.14351022940155,-116.43476254680222,15.084062813704918,True,4
session_866,station_37,Audi e-tron,CCS,2025-04-25 23:10:08,32,45.751909691223155,San Diego,35.705994520713645,-96.76088274960438,33.00951819578836,True,17
session_102,station_18,Rivian R1T,Tesla Supercharger,2025-04-25 23:10:08,66,79.37656116528021,Chicago,29.288012158134748,-111.28276643089345,16.59751126444765,False,1
session_440,station_5,Ford Mustang Mach-E,Type 2,2025-04-25 23:10:08,81,18.723449473981987,Houston,34.47876918960452,-81.45335113488608,22.521013633389387,True,10
session_59,station_8,Chevy Bolt,CHAdeMO,2025-04-25 23:10:08,61,37.328537097051395,Chicago,39.812140298381266,-91.80634852352944,12.823385120151361,True,18
session_1121,station_19,Tesla Model 3,Type 2,2025-04-25 23:10:08,101,14.227905737136078,Houston,47.09073438522379,-73.30823696789169,16.4195792402863,True,21
session_324,station_45,Chevy Bolt,CCS,2025-04-25 23:10:08,25,66.2080583992583,Dallas,27.24507578746725,-92.91891708812976,34.51825715752472,False,1
session_975,station_17,Hyundai Kona Electric,CCS,2025-04-25 23:10:08,94,67.1365106095387,San Antonio,40.7225214924774,-82.85824167331464,3.1888358005096578,False,1
session_412,station_43,Audi e-tron,Tesla Supercharger,2025-04-25 23:10:08,117,73.64103586479766,New York,26.192192686747205,-92.66267123911496,22.02804790798512,False,9
session_856,station_36,Nissan Leaf,CCS,2025-04-25 23:10:08,109,10.262272474284334,San Diego,40.46412472776386,-85.76836484503099,25.431255641872134,False,0
session_821,station_47,Audi e-tron,CCS,2025-04-25 23:10:08,36,25.815643335344557,Houston,39.35508295611859,-73.81864672368269,12.008052596180637,False,7
session_45,station_30,Chevy Bolt,CCS,2025-04-25 23:10:08,68,38.487381970341,San Diego,44.26923014211918,-87.06237895952421,4.4243646051842145,False,11
session_50,station_36,Chevy Bolt,Type 2,2025-04-25 23:10:08,25,22.68087032879663,New York,34.677370086280305,-118.02275973257454,2.932337877649182,True,20
session_850,station_32,Kia EV6,Tesla Supercharger,2025-04-25 23:10:08,105,22.0714135576227,San Diego,33.00410649817439,-72.58579838135196,-8.969175913454048,True,21
session_241,station_28,Tesla Model 3,Type 2,2025-04-25 23:10:08,91,30.29171988857584,San Francisco,29.54679098895315,-121.55298146198226,23.865761533996228,False,10
session_171,station_14,Kia EV6,Type 2,2025-04-25 23:10:08,31,24.146714265708034,San Antonio,28.01369969783985,-94.73670077517102,31.93113295776456,True,10
session_524,station_4,Tesla Model 3,Type 2,2025-04-25 23:10:08,70,30.971545794573238,Los Angeles,46.60023091187849,-107.12311853856804,18.61095700942453,False,3
session_766,station_35,Chevy Bolt,CCS,2025-04-25 23:10:08,15,68.67817547500857,Phoenix,40.97790516645344,-70.33042129908719,18.009907641430633,False,6
session_839,station_11,Hyundai Kona Electric,CCS,2025-04-25 23:10:08,64,30.87513484647327,Los Angeles,44.28260996665198,-110.74993461533725,-3.566969033969972,False,14
session_424,station_38,Audi e-tron,CCS,2025-04-25 23:10:08,78,44.77069917729222,Dallas,42.89959347482304,-123.74507660710937,27.671636910961972,False,16
session_381,station_48,Audi e-tron,Type 2,2025-04-25 23:10:08,60,47.181729087093245,New York,46.68914106538441,-73.4480462953372,23.874255192346887,True,20
session_610,station_27,Volkswagen ID.4,CHAdeMO,2025-04-25 23:10:08,76,54.324055030151,Houston,37.76345239113546,-94.61666517569026,8.787714895850083,True,14
session_677,station_38,Volkswagen ID.4,Type 2,2025-04-25 23:10:08,47,56.6790400615135,San Antonio,40.52416007163008,-83.39625544336852,-5.704258143615123,False,23
session_345,station_6,Kia EV6,Type 2,2025-04-25 23:10:08,56,60.98422166337097,Houston,38.60599564849113,-114.36916124842585,21.21663271572894,False,7
session_110,station_28,Audi e-tron,CCS,2025-04-25 23:10:08,46,53.44547102466869,Chicago,47.825830881074964,-101.8430920751608,15.973094041295777,True,14
session_278,station_9,Nissan Leaf,CCS,2025-04-25 23:10:08,18,14.582017340801269,Chicago,46.942435263268024,-99.92921102338305,28.645590168004738,False,19
session_678,station_27,Hyundai Kona Electric,Type 2,2025-04-25 23:10:08,82,65.94938023825284,Chicago,41.73067014873504,-70.58686644335629,2.7246162365580417,True,21
session_571,station_1,Audi e-tron,Type 2,2025-04-25 23:10:08,72,65.64593182878303,Chicago,33.71902832529899,-110.20378757582759,11.575608093668635,True,16
session_359,station_43,Tesla Model Y,Tesla Supercharger,2025-04-25 23:10:08,120,12.109059843274412,New York,44.13608673719301,-100.47437371005731,25.648466885447306,True,3
session_599,station_29,Ford Mustang Mach-E,CHAdeMO,2025-04-25 23:10:08,76,46.537715358693546,Los Angeles,33.349941335751346,-73.78538449353974,33.943982287863705,True,5
session_391,station_12,Volkswagen ID.4,Tesla Supercharger,2025-04-25 23:10:08,85,59.120412235704535,Chicago,25.752902836665406,-96.54702391607505,5.827521937014682,False,4
session_894,station_45,Ford Mustang Mach-E,Type 2,2025-04-25 23:10:08,39,32.99326727043979,San Diego,45.41978723477238,-120.96059181899821,28.915234739567175,False,14
session_693,station_50,Tesla Model Y,CHAdeMO,2025-04-25 23:10:08,41,50.9909249816061,San Diego,25.45000975141508,-88.0275738753161,3.487366792234946,False,16
session_728,station_36,Rivian R1T,Tesla Supercharger,2025-04-25 23:10:08,101,44.83271900516835,New York,33.89661385891164,-104.0232723663334,12.167984493681246,True,13
session_363,station_18,Tesla Model Y,CHAdeMO,2025-04-25 23:10:08,60,12.66000172716339,San Diego,27.059565706505936,-89.08970306697013,29.665703392407764,False,9
session_597,station_19,Kia EV6,Tesla Supercharger,2025-04-25 23:10:08,62,44.862411516203544,Philadelphia,28.415804312556308,-107.53419486088382,-5.441641725926052,False,20
session_428,station_4,Tesla Model 3,Tesla Supercharger,2025-04-25 23:10:08,70,23.200932389512325,Houston,41.844382886280556,-106.09679475655079,-9.668670220258536,False,12
session_71,station_29,Kia EV6,CHAdeMO,2025-04-25 23:10:08,85,16.909145041544818,Dallas,37.103889615092505,-111.42911722649312,7.302580021565102,True,22
session_322,station_24,Kia EV6,CHAdeMO,2025-04-25 23:10:08,36,46.80604483630028,Philadelphia,31.765146171654138,-100.7727536481218,19.84074798240539,True,15
session_653,station_30,Tesla Model 3,Tesla Supercharger,2025-04-25 23:10:08,96,58.16141556336227,Houston,26.735340705821557,-123.9918909631056,-6.874059401954795,True,19
session_1066,station_7,Chevy Bolt,Tesla Supercharger,2025-04-25 23:10:08,78,36.75458670803464,San Diego,34.151563208011616,-89.55916438536956,-3.0426348753521903,False,12
session_108,station_11,Rivian R1T,CCS,2025-04-25 23:10:08,47,49.79186923001998,Phoenix,36.221987322498244,-82.64639306347169,29.339735971645588,True,7
session_1109,station_43,Ford Mustang Mach-E,CCS,2025-04-25 23:10:08,20,41.164053940938075,Philadelphia,38.75956835955377,-106.14683238721918,33.88423827892826,False,14
session_356,station_20,Tesla Model Y,CCS,2025-04-25 23:10:08,63,62.76749143387622,Chicago,44.82122553934979,-105.83709541140041,16.764350511417817,True,14
session_951,station_16,Rivian R1T,CHAdeMO,2025-04-25 23:10:08,103,26.648267415724593,Los Angeles,39.45318002101216,-90.83188138694108,10.314049674274475,True,1
session_343,station_22,Chevy Bolt,CCS,2025-04-25 23:10:08,50,42.67098793432224,Philadelphia,45.764817152440685,-93.09998978314576,-4.423823589252037,True,19
session_355,station_15,Hyundai Kona Electric,CHAdeMO,2025-04-25 23:10:08,82,60.736648528188454,Houston,34.275675427771795,-114.61367261321676,29.22263539333572,False,12
session_24,station_11,Audi e-tron,Tesla Supercharger,2025-04-25 23:10:08,114,78.4403580334408,Phoenix,35.86503464713705,-121.79444874294202,-8.53181104760365,True,16
session_44,station_44,Kia EV6,CHAdeMO,2025-04-25 23:10:08,69,77.16841384869731,San Francisco,32.68043288871176,-106.99612384037982,-5.468253474379667,False,2
session_244,station_23,Tesla Model 3,Tesla Supercharger,2025-04-25 23:10:08,15,54.291359841133165,Dallas,25.614622573524322,-119.36466382944198,17.748856416845236,False,16
session_738,station_43,Nissan Leaf,CCS,2025-04-25 23:10:08,50,27.918169631537104,Houston,27.916168135079776,-85.95922913159315,9.491006997997626,False,21
session_1136,station_24,Nissan Leaf,CHAdeMO,2025-04-25 23:10:08,29,14.660315952994917,Chicago,36.71806917286881,-71.35698248432726,10.735619940373738,False,20
session_368,station_40,Volkswagen ID.4,Type 2,2025-04-25 23:10:08,104,10.478588485764206,Chicago,47.473197217889975,-91.81225230555526,1.08594714295889,True,2
session_164,station_35,Rivian R1T,Tesla Supercharger,2025-04-25 23:10:08,48,10.164894403008192,Phoenix,40.104109183740114,-97.33238517385637,25.964969419308375,False,19
session_1116,station_29,Ford Mustang Mach-E,Type 2,2025-04-25 23:10:08,25,23.484437573443977,San Francisco,45.131895873630725,-74.80008588636309,22.44347032426912,True,21
session_333,station_46,Tesla Model 3,Tesla Supercharger,2025-04-25 23:10:08,47,63.45962927388737,Los Angeles,41.96047799681813,-92.72036113739038,7.933413147448075,True,4
session_989,station_43,Hyundai Kona Electric,Tesla Supercharger,2025-04-25 23:10:08,78,35.071640423070136,Houston,39.98189170292221,-117.13315103535332,19.016812511967714,False,15
session_1173,station_33,Ford Mustang Mach-E,CCS,2025-04-25 23:10:08,79,47.5136965687556,San Francisco,35.36216359814838,-114.7416376325649,10.223581806047964,True,8
session_1002,station_5,Nissan Leaf,CHAdeMO,2025-04-25 23:10:08,67,19.398527733101737,Chicago,45.67001625993302,-75.58134972367534,11.701917865730476,False,21
session_378,station_16,Audi e-tron,CCS,2025-04-25 23:10:08,78,12.645162472934222,Houston,35.62776390258426,-79.03702463927522,-7.257196126473977,True,14
session_310,station_5,Audi e-tron,Tesla Supercharger,2025-04-25 23:10:08,111,34.145471366054515,Chicago,31.771088129039818,-109.26354070847182,-3.5836546474842788,True,18
session_156,station_26,Volkswagen ID.4,Tesla Supercharger,2025-04-25 23:10:08,58,78.1340102976895,San Diego,38.98117053151462,-119.50406431472966,25.911714008062326,False,0
session_211,station_33,Volkswagen ID.4,Type 2,2025-04-25 23:10:08,54,49.03043451614499,San Antonio,35.287112815301185,-105.59203379268703,32.65911344535206,True,9
session_87,station_36,Ford Mustang Mach-E,CHAdeMO,2025-04-25 23:10:08,35,50.44052413592614,Philadelphia,38.26325377028264,-116.74057114334644,23.811151766245338,True,16
session_169,station_43,Volkswagen ID.4,CCS,2025-04-25 23:10:08,94,68.67265786962125,Los Angeles,27.80458151264847,-120.62271395183254,5.229266522816594,True,5
session_995,station_35,Ford Mustang Mach-E,CCS,2025-04-25 23:10:08,60,79.44365528980624,Dallas,31.484073165407132,-119.72482064924398,-6.788850260846081,True,7
session_52,station_46,Audi e-tron,Tesla Supercharger,2025-04-25 23:10:08,103,27.843906903382962,Chicago,29.075373807365153,-92.37191266392273,-3.1178882772521606,False,10
session_439,station_12,Volkswagen ID.4,Tesla Supercharger,2025-04-25 23:10:08,70,37.329989183439864,Houston,28.01806184507077,-87.48554053109478,14.65680908024833,False,9
session_550,station_38,Tesla Model Y,Type 2,2025-04-25 23:10:08,15,47.389518462870576,Los Angeles,30.717801635484072,-117.25981197233327,-7.671746879239485,False,2
session_491,station_6,Nissan Leaf,CHAdeMO,2025-04-25 23:10:08,85,42.747498265280804,San Diego,38.07377758336353,-93.28879549070464,7.246694837528253,False,0
session_426,station_43,Audi e-tron,CHAdeMO,2025-04-25 23:10:08,35,28.52148051020863,Philadelphia,40.1661054441433,-102.75621627420514,-0.8071865233103779,True,4
session_136,station_16,Chevy Bolt,CCS,2025-04-25 23:10:08,101,43.46892756291722,San Diego,31.25805713771821,-100.4791669602952,14.433050744101156,False,6
session_1192,station_20,Audi e-tron,Tesla Supercharger,2025-04-25 23:10:08,119,33.670321672259384,San Francisco,45.763335762394235,-71.58796380114975,-2.357171027298258,True,12
session_55,station_21,Ford Mustang Mach-E,Tesla Supercharger,2025-04-25 23:10:08,30,31.91165844153587,New York,40.26664362396887,-122.8430377612629,-7.979016663224055,False,7
session_79,station_32,Kia EV6,Tesla Supercharger,2025-04-25 23:10:08,57,61.58778307675843,Los Angeles,32.035126706910084,-86.91932515338306,17.02220615220958,False,5
session_431,station_9,Volkswagen ID.4,Tesla Supercharger,2025-04-25 23:10:08,63,70.33803298333089,Chicago,39.92349421836744,-97.89277574451025,6.039737388953846,False,12
session_185,station_43,Nissan Leaf,CHAdeMO,2025-04-25 23:10:08,40,75.2200976558187,Dallas,32.431692523801956,-109.6138538602982,33.11156577225816,False,23
session_57,station_24,Tesla Model 3,Type 2,2025-04-25 23:10:08,17,64.27260581017617,Chicago,46.867028474149464,-87.59437122156945,13.67775041814588,True,2
session_943,station_40,Tesla Model 3,CCS,2025-04-25 23:10:08,29,75.42312149605596,Phoenix,32.1706463450975,-78.7140950126367,19.262002619265566,False,14
session_851,station_15,Tesla Model 3,CCS,2025-04-25 23:10:08,100,56.980225780342984,San Francisco,44.28132718186684,-76.65377111869802,23.434913194791555,True,15
session_1164,station_1,Audi e-tron,Tesla Supercharger,2025-04-25 23:10:08,115,24.79681459661544,New York,47.687152519649985,-94.3994795048927,26.832224479654222,True,0
session_219,station_28,Nissan Leaf,Type 2,2025-04-25 23:10:08,63,26.067103617555443,San Francisco,38.99889215660926,-74.53945489963968,12.691646519608522,True,15
session_845,station_6,Tesla Model 3,Tesla Supercharger,2025-04-25 23:10:08,15,26.335850519051146,Houston,47.760923263749525,-70.65248393257426,4.477165555580097,True,15
session_114,station_47,Chevy Bolt,Type 2,2025-04-25 23:10:08,36,59.92624400589152,Phoenix,40.64560582000085,-107.05718695658146,13.81688075887061,False,15
session_549,station_4,Nissan Leaf,CCS,2025-04-25 23:10:08,35,16.963641620386454,San Francisco,42.59521385466495,-98.67827901750844,12.898071458544383,True,17
session_1019,station_16,Nissan Leaf,Type 2,2025-04-25 23:10:08,105,75.82254934221544,Chicago,27.00169065768453,-104.58321253886005,12.233378968495128,False,17
session_1073,station_43,Rivian R1T,Type 2,2025-04-25 23:10:08,52,43.872058867103675,Los Angeles,26.753488545721513,-122.2338582808528,4.542794071147739,True,23
session_175,station_46,Tesla Model Y,Tesla Supercharger,2025-04-25 23:10:08,59,60.199233014302216,New York,27.217718561787592,-118.2991756149087,23.83646934007748,True,5
session_1023,station_46,Hyundai Kona Electric,Type 2,2025-04-25 23:10:08,18,10.438855393625175,Houston,38.83788353206364,-70.44796511940808,3.01848039066304,False,19
session_616,station_19,Tesla Model 3,Type 2,2025-04-25 23:10:08,110,67.04141970962029,San Francisco,30.586274388003943,-79.30421670808175,-2.8314603440416777,False,17
session_514,station_40,Ford Mustang Mach-E,CHAdeMO,2025-04-25 23:10:08,75,43.08823946679793,San Francisco,39.28017864080081,-114.0695594176135,32.8815730403515,True,23
session_462,station_4,Audi e-tron,Tesla Supercharger,2025-04-25 23:10:08,82,36.52759014808841,San Francisco,31.463212173104836,-74.47890885230133,-9.714761347255426,True,8
session_287,station_32,Kia EV6,CCS,2025-04-25 23:10:08,110,50.451274705957104,San Diego,37.00513386862485,-79.47614882256573,34.334917447480464,False,11
session_382,station_15,Ford Mustang Mach-E,Type 2,2025-04-25 23:10:08,80,62.459657875079834,Dallas,39.162169835090445,-124.87127181375114,4.240776852225981,True,4
session_1008,station_19,Tesla Model Y,Type 2,2025-04-25 23:10:08,47,19.745830105505306,Phoenix,39.771895475697626,-70.99801694369262,10.55743024639792,False,9
session_671,station_11,Rivian R1T,CHAdeMO,2025-04-25 23:10:08,86,21.95662438547054,Los Angeles,25.05601468626243,-119.658858834481,19.983476307549164,True,5
session_535,station_40,Hyundai Kona Electric,CHAdeMO,2025-04-25 23:10:08,62,10.070836428498465,New York,45.70772023857853,-104.27234168800176,-3.9743626711505717,False,0
session_910,station_44,Ford Mustang Mach-E,CHAdeMO,2025-04-25 23:10:08,43,25.463189159747355,Chicago,43.06548885911313,-112.37725727473877,30.410512208153868,True,10
session_293,station_31,Kia EV6,Tesla Supercharger,2025-04-25 23:10:08,32,22.322661377785057,San Diego,41.31102729970557,-124.29440759767833,31.635865491320082,False,14
session_124,station_25,Rivian R1T,Type 2,2025-04-25 23:10:08,109,59.16264442844454,Chicago,29.31797758662339,-102.05358478384507,27.070682927093927,False,22
session_583,station_48,Kia EV6,CCS,2025-04-25 23:10:08,33,58.45456826098976,Phoenix,30.00123565774895,-109.68404258143288,-3.0809870266611528,True,19
session_141,station_45,Hyundai Kona Electric,Type 2,2025-04-25 23:10:08,81,45.10212397561154,San Antonio,31.57829269720537,-123.50035275224405,5.534243819707491,False,2
session_736,station_18,Volkswagen ID.4,Tesla Supercharger,2025-04-25 23:10:08,22,65.01736784853577,San Diego,38.123160287748334,-122.1822094817044,30.11376889876223,False,9
session_82,station_1,Ford Mustang Mach-E,Type 2,2025-04-25 23:10:08,100,66.90918080793426,Los Angeles,47.0288383413669,-77.35575867484457,2.273376725743283,True,3
session_882,station_4,Nissan Leaf,Type 2,2025-04-25 23:10:08,23,13.888971902813799,San Antonio,46.48052900923989,-85.24688139687075,6.74650945656229,True,20
session_740,station_15,Rivian R1T,CCS,2025-04-25 23:10:08,72,45.483477369385646,Los Angeles,33.914077139703465,-86.65389986625871,10.301066455971842,True,15
session_1102,station_13,Tesla Model Y,Type 2,2025-04-25 23:10:08,91,25.234911084168274,Dallas,28.243140732434966,-104.02691655961394,13.226686956962894,True,12
session_909,station_1,Rivian R1T,CCS,2025-04-25 23:10:08,113,38.76500362356616,Dallas,32.81961175281785,-118.68283240793043,30.032738351181997,True,1
session_1167,station_36,Volkswagen ID.4,CCS,2025-04-25 23:10:08,109,68.98486721219919,Dallas,37.778518745620026,-121.83441716621346,19.596702237956436,False,23
session_937,station_27,Volkswagen ID.4,Tesla Supercharger,2025-04-25 23:10:08,103,61.19840779970731,New York,40.33629690368558,-104.98533293593621,-5.1336066559314295,True,18
session_372,station_15,Ford Mustang Mach-E,Type 2,2025-04-25 23:10:08,32,25.41383116011417,San Antonio,39.396947039243976,-80.85056788611348,-4.533476299550086,False,23
session_890,station_46,Volkswagen ID.4,CHAdeMO,2025-04-25 23:10:08,28,18.695359772305185,Dallas,39.21349752060436,-116.67143362374028,21.15217782089435,False,21
session_157,station_35,Ford Mustang Mach-E,CHAdeMO,2025-04-25 23:10:08,36,73.21969264595306,Los Angeles,38.05236775774502,-77.35788995793897,-9.838813673704847,True,4
session_992,station_21,Tesla Model Y,CCS,2025-04-25 23:10:08,54,10.549290116824606,San Diego,41.769217547045216,-107.34805748929404,-1.9984839837412594,True,5
session_622,station_47,Kia EV6,Type 2,2025-04-25 23:10:08,56,46.26894284657668,Houston,35.7975215844975,-118.38619177453292,8.597255644047976,True,21
session_1038,station_26,Kia EV6,CCS,2025-04-25 23:10:08,16,73.62041942070292,Phoenix,27.31996742587254,-71.44668461101489,18.589817818727095,True,23
session_245,station_37,Tesla Model Y,CCS,2025-04-25 23:10:08,48,39.2175645649948,San Antonio,38.94112042477484,-123.06456523551222,27.985433314862313,True,18
session_159,station_19,Rivian R1T,Tesla Supercharger,2025-04-25 23:10:08,76,60.29982628960235,Chicago,38.816703613308505,-96.54317055900412,1.1999321964281098,True,10
session_746,station_27,Tesla Model 3,CCS,2025-04-25 23:10:08,47,47.98112324124453,New York,33.739288511642314,-120.95327157872816,28.77218923700252,False,12
session_193,station_49,Rivian R1T,CCS,2025-04-25 23:10:08,18,55.75704466845864,Dallas,45.52315356637614,-90.15784403632945,9.645551570165836,False,6
session_534,station_40,Hyundai Kona Electric,CCS,2025-04-25 23:10:08,91,66.24412568094428,Los Angeles,46.67617930421386,-72.87610424157953,32.26474663999159,False,13
session_904,station_40,Hyundai Kona Electric,CCS,2025-04-25 23:10:08,114,28.769101943132593,Houston,27.38126006263633,-83.03028265468558,30.290636255432453,False,10
session_1004,station_16,Audi e-tron,Type 2,2025-04-25 23:10:08,25,62.80176382007211,San Antonio,42.701459602815774,-103.89986994786956,25.694140335253934,False,1
session_1070,station_11,Audi e-tron,Type 2,2025-04-25 23:10:08,71,71.47449548633418,Dallas,43.19383561157595,-71.43666128967799,25.260706842313724,True,3
session_414,station_21,Nissan Leaf,CHAdeMO,2025-04-25 23:10:08,68,24.42984754921207,Los Angeles,25.66103990313504,-120.02871027976633,7.025556069721453,True,7
session_1187,station_1,Audi e-tron,CHAdeMO,2025-04-25 23:10:08,17,79.36839627968524,San Diego,46.4346318798528,-76.63023616563822,0.4216825657864369,True,0
session_328,station_10,Hyundai Kona Electric,Type 2,2025-04-25 23:10:08,54,47.13630805830006,Phoenix,31.920308185412978,-86.00992940128887,-3.731909160263891,False,17
session_129,station_50,Kia EV6,CCS,2025-04-25 23:10:08,112,54.172204825499406,Houston,42.93778074423584,-108.58828640230267,2.749568389081249,True,1
session_695,station_46,Hyundai Kona Electric,CCS,2025-04-25 23:10:08,69,38.81915161299695,Dallas,37.31407805512522,-107.60966455260706,18.209036586585977,False,4
session_631,station_7,Tesla Model 3,CCS,2025-04-25 23:10:08,69,33.552650888857336,San Francisco,45.411104085593266,-103.32464136842837,19.421305588434983,False,12
session_275,station_49,Rivian R1T,CHAdeMO,2025-04-25 23:10:08,22,12.375685869089034,Houston,45.12345152454456,-83.02581173001647,-7.130145528922716,True,5
session_1148,station_17,Ford Mustang Mach-E,Type 2,2025-04-25 23:10:08,100,26.164439933412403,Houston,28.209746186771806,-117.78131263671037,12.51193991556718,True,7
session_309,station_36,Kia EV6,Type 2,2025-04-25 23:10:08,119,76.93770926271799,Chicago,37.25336910026867,-108.89049120917448,32.879651423447605,False,16
session_234,station_24,Rivian R1T,CHAdeMO,2025-04-25 23:10:08,40,36.73951717942704,Philadelphia,35.19371604594721,-99.49197377379315,28.26044898278272,False,11
session_1048,station_19,Tesla Model 3,Tesla Supercharger,2025-04-25 23:10:08,98,27.04221725298672,Houston,40.72507449956565,-109.6193664949407,31.65629114588119,False,8
session_623,station_46,Tesla Model Y,Type 2,2025-04-25 23:10:08,19,42.694686845167475,Philadelphia,38.63655505824173,-106.24666095132892,1.9153532728313838,True,3
session_644,station_45,Tesla Model Y,Tesla Supercharger,2025-04-25 23:10:08,42,76.25444931719022,San Antonio,39.89170144696236,-105.79827441617853,20.024101456395222,False,10
session_479,station_1,Volkswagen ID.4,Tesla Supercharger,2025-04-25 23:10:08,100,76.4018987826704,New York,29.08138015909308,-72.35756026709107,25.137422608215942,True,13
session_472,station_15,Tesla Model Y,Type 2,2025-04-25 23:10:08,33,53.89999620252272,Phoenix,39.06569694819643,-92.65342356968118,15.49706533249704,False,17
session_926,station_2,Hyundai Kona Electric,Type 2,2025-04-25 23:10:08,76,48.95376195817915,San Francisco,31.271346015171616,-75.47592352142192,16.95409924965269,True,22
session_1098,station_36,Nissan Leaf,CHAdeMO,2025-04-25 23:10:08,104,21.969635223054734,San Diego,34.09388156492306,-104.41145005750475,2.231888415171891,True,4
session_627,station_8,Kia EV6,Tesla Supercharger,2025-04-25 23:10:08,102,64.57977891017777,New York,26.87918116419036,-85.44013053014046,11.397971081250336,False,8
session_395,station_21,Nissan Leaf,Tesla Supercharger,2025-04-25 23:10:08,31,22.118181661592423,San Diego,42.68862932187416,-101.27319784798391,34.02148729020401,False,22
session_637,station_47,Ford Mustang Mach-E,CCS,2025-04-25 23:10:08,49,10.07676502478835,San Antonio,25.391023381611063,-80.37935810229155,-6.63379862103265,False,8
session_768,station_8,Hyundai Kona Electric,Type 2,2025-04-25 23:10:08,56,21.246862735166786,Phoenix,34.221468323764675,-77.40939015573359,30.95494613383392,False,7
session_533,station_9,Chevy Bolt,CHAdeMO,2025-04-25 23:10:08,29,27.3780325362155,Phoenix,28.595529372080442,-120.49462910801107,33.196162948876676,True,0
session_718,station_40,Tesla Model 3,CCS,2025-04-25 23:10:08,49,64.8432798361365,San Francisco,30.828978595333126,-120.15528192288505,32.529072441912625,False,3
session_667,station_14,Chevy Bolt,Type 2,2025-04-25 23:10:08,98,10.417219399252993,New York,34.25128016916046,-76.4323159663831,-8.235376587381607,True,6
session_598,station_7,Rivian R1T,CHAdeMO,2025-04-25 23:10:08,26,34.08910562371388,San Antonio,26.92844792712631,-101.27046168598575,-2.4714906406644683,True,20
session_482,station_50,Hyundai Kona Electric,Type 2,2025-04-25 23:10:08,28,37.883292648885636,Houston,42.89046828206506,-97.94147047694727,6.9445805097814635,True,21
session_1103,station_25,Nissan Leaf,CHAdeMO,2025-04-25 23:10:08,40,28.625838194262634,Dallas,47.066017424155355,-99.66566897065664,6.4240916927383935,True,1
session_315,station_30,Audi e-tron,Tesla Supercharger,2025-04-25 23:10:08,33,31.500311709923736,Los Angeles,32.33499322480217,-76.97161029505506,5.413773350266874,True,6
session_729,station_48,Nissan Leaf,Type 2,2025-04-25 23:10:08,45,11.54457709646277,Houston,27.40662356851369,-100.94801748745775,32.939036510416194,False,0
session_210,station_35,Hyundai Kona Electric,Type 2,2025-04-25 23:10:08,119,27.42631505271124,Los Angeles,36.02271036138333,-107.48828855155507,28.51083516452747,False,19
session_934,station_34,Chevy Bolt,CHAdeMO,2025-04-25 23:10:08,66,78.25689313289745,Houston,34.47404434962744,-80.52431587261282,26.538445614178784,False,5
session_434,station_24,Chevy Bolt,CHAdeMO,2025-04-25 23:10:08,36,47.50465291956834,San Antonio,47.413410260777326,-77.49709934476523,12.01432520130804,False,12
session_329,station_33,Tesla Model Y,CHAdeMO,2025-04-25 23:10:08,23,76.27720758481836,San Diego,40.4875507086222,-98.99271671750492,-2.276797085200811,False,19
session_261,station_26,Audi e-tron,Tesla Supercharger,2025-04-25 23:10:08,59,24.291149568103428,Chicago,37.308994551296266,-123.22215416372883,-2.410684405269844,False,19
session_1117,station_24,Hyundai Kona Electric,CHAdeMO,2025-04-25 23:10:08,28,50.88190953038601,Houston,26.52045603243709,-77.18267106355566,22.673179385504483,False,19
session_307,station_8,Ford Mustang Mach-E,CHAdeMO,2025-04-25 23:10:08,19,42.929835672886036,Los Angeles,26.728497268948548,-103.56247308775957,-0.37552101635176705,False,1
session_1067,station_12,Kia EV6,Tesla Supercharger,2025-04-25 23:10:08,43,44.0993725215881,Houston,39.682181356480754,-103.0323514166451,-0.09213933464177337,False,0
session_928,station_10,Tesla Model Y,CCS,2025-04-25 23:10:08,77,14.0505358298174,Chicago,34.10325638129332,-117.24613860939306,1.3719317512935838,True,13
session_1025,station_44,Tesla Model Y,CHAdeMO,2025-04-25 23:10:08,105,30.896303684007567,Phoenix,41.42799424031765,-109.49924811325795,11.39230058117544,False,20
session_271,station_34,Nissan Leaf,Tesla Supercharger,2025-04-25 23:10:08,75,22.88966707132922,Dallas,45.79431948668919,-90.63594179488521,13.681429504956458,False,14
session_291,station_45,Audi e-tron,CCS,2025-04-25 23:10:08,91,69.05452927219295,Los Angeles,31.934009584056838,-89.3056524696811,2.985089834017675,True,3
session_813,station_47,Ford Mustang Mach-E,CHAdeMO,2025-04-25 23:10:08,21,46.666264762959145,Houston,46.53298156852155,-90.12991786271633,28.400181806742133,False,14
session_97,station_9,Ford Mustang Mach-E,CCS,2025-04-25 23:10:08,36,29.941899373625187,Houston,25.492748730638322,-93.18267053984981,30.999277591601754,True,13
session_888,station_25,Chevy Bolt,CCS,2025-04-25 23:10:08,38,40.09857868657972,Philadelphia,40.872316042514136,-115.03252291438413,6.823895937052651,True,12
session_819,station_16,Volkswagen ID.4,CCS,2025-04-25 23:10:08,69,62.10795126312112,San Francisco,46.44286151575869,-108.77878935776342,-3.527701239739101,False,23
session_32,station_47,Tesla Model Y,Type 2,2025-04-25 23:10:08,57,54.816324130780224,Philadelphia,39.96326954102345,-70.1659513117371,6.04407378198724,True,8
session_763,station_27,Rivian R1T,Tesla Supercharger,2025-04-25 23:10:08,93,36.629969221270336,Chicago,42.62065687556796,-94.3522337929098,33.806602452079694,False,18
session_954,station_21,Ford Mustang Mach-E,CCS,2025-04-25 23:10:08,65,11.686404205703514,San Antonio,44.0092729910939,-95.94918964647587,26.41458374832372,True,19
session_320,station_19,Hyundai Kona Electric,Type 2,2025-04-25 23:10:08,34,12.330988232308172,San Francisco,36.63301588794211,-113.6126938991476,3.195328822501624,True,7
session_299,station_46,Rivian R1T,Tesla Supercharger,2025-04-25 23:10:08,35,62.99259644716931,San Diego,42.709713723111676,-76.61596240137368,12.150241095824931,False,12
session_200,station_13,Kia EV6,Type 2,2025-04-25 23:10:08,51,56.79085096219368,San Antonio,44.37203497084988,-85.43181882405003,10.925274858433287,True,15
session_561,station_15,Tesla Model 3,Tesla Supercharger,2025-04-25 23:10:08,21,25.80164645427945,Philadelphia,36.68638561757501,-87.98145581634785,-7.262087719370705,True,18
session_179,station_45,Volkswagen ID.4,Tesla Supercharger,2025-04-25 23:10:08,48,41.71849059258892,Los Angeles,39.557441044671066,-114.09610042667957,27.400324080480274,True,18
session_1132,station_27,Nissan Leaf,Tesla Supercharger,2025-04-25 23:10:08,115,43.60462513499018,New York,33.35878981174152,-91.27051447775104,14.184787510491955,True,13
session_89,station_10,Tesla Model 3,CHAdeMO,2025-04-25 23:10:08,56,49.59479625594776,Dallas,46.42828545323954,-92.7167285416771,0.9192390336092409,False,14
session_788,station_20,Volkswagen ID.4,CHAdeMO,2025-04-25 23:10:08,104,48.35695795473507,San Diego,43.05152133651916,-86.34081194299117,8.119622132426016,False,13
session_725,station_36,Chevy Bolt,Type 2,2025-04-25 23:10:08,16,64.0807905838987,Dallas,31.711540396502084,-95.2833916537102,5.576877881374523,True,7
session_827,station_20,Nissan Leaf,Type 2,2025-04-25 23:10:08,15,37.762470904292144,San Diego,36.75180211378205,-74.14561031337165,19.351921885667252,False,5
session_209,station_13,Tesla Model Y,CCS,2025-04-25 23:10:08,119,63.80551429302438,San Antonio,29.894814109891875,-106.36161898025807,-3.865336252396168,True,12
session_1040,station_30,Volkswagen ID.4,CCS,2025-04-25 23:10:08,22,14.17380071495987,Houston,34.323889535272464,-120.07922418997465,29.991869248327575,True,9
session_297,station_20,Nissan Leaf,Tesla Supercharger,2025-04-25 23:10:08,39,74.81427439804821,Los Angeles,40.55555205875602,-108.55603469793093,27.29377920450527,True,13
session_998,station_10,Audi e-tron,CHAdeMO,2025-04-25 23:10:08,104,55.92898173441675,Houston,44.90408236069321,-117.09513285521905,13.232532634245175,True,14
session_498,station_30,Audi e-tron,Type 2,2025-04-25 23:10:08,16,72.37786370130695,Houston,25.17700712139891,-116.84757367334684,23.02131820958821,False,2
session_835,station_29,Tesla Model Y,CHAdeMO,2025-04-25 23:10:08,56,62.1766480106102,Chicago,42.01017591772349,-112.55513623194393,28.177136419217256,True,16
session_430,station_19,Rivian R1T,Tesla Supercharger,2025-04-25 23:10:08,75,26.531041650739716,Philadelphia,25.131281378840296,-91.52961048578955,13.23319665076852,True,20
session_507,station_26,Kia EV6,Tesla Supercharger,2025-04-25 23:10:08,47,76.51965696740616,San Antonio,28.0755188601089,-86.1430820101372,26.03464731271793,True,1
session_831,station_46,Ford Mustang Mach-E,CHAdeMO,2025-04-25 23:10:08,62,31.092217799012744,San Antonio,33.45224755476191,-81.84786901559471,-7.905153260527873,True,20
session_694,station_32,Nissan Leaf,CHAdeMO,2025-04-25 23:10:08,25,55.34256514560411,San Antonio,44.74847608340889,-79.43650463433505,21.27240935895289,True,15
session_11,station_2,Hyundai Kona Electric,CHAdeMO,2025-04-25 23:10:08,27,74.75215780014025,Dallas,42.5066541693397,-101.32986052618045,21.249653467043238,False,14
session_848,station_8,Rivian R1T,Type 2,2025-04-25 23:10:08,87,69.47566188941454,San Antonio,37.81017572246014,-107.44615307316602,-0.6530338169900052,True,5
session_463,station_47,Tesla Model 3,Type 2,2025-04-25 23:10:08,101,79.81073774329144,Phoenix,25.0138869374631,-106.83079071489247,10.450731484551454,True,22
session_199,station_36,Nissan Leaf,CHAdeMO,2025-04-25 23:10:08,46,20.00015904904076,San Antonio,36.05239486289422,-74.65034420675346,8.66206468123514,True,22
session_60,station_27,Tesla Model Y,Type 2,2025-04-25 23:10:08,80,35.944520470029076,Los Angeles,39.372309088270654,-76.99215201276783,2.1306056465324055,False,20
session_907,station_34,Hyundai Kona Electric,Tesla Supercharger,2025-04-25 23:10:08,17,16.084435709483692,Phoenix,31.751835955244758,-119.7572244585789,26.26111792095729,True,15
session_997,station_11,Kia EV6,Type 2,2025-04-25 23:10:08,118,32.61888721363408,Chicago,31.458778683413108,-102.34424658872618,8.228994059468334,False,10
session_276,station_23,Rivian R1T,CCS,2025-04-25 23:10:08,32,46.85511145442202,New York,46.682809753231666,-97.4983144501376,3.183173685616742,False,0
session_809,station_49,Kia EV6,Tesla Supercharger,2025-04-25 23:10:08,49,21.77980078541148,San Diego,26.727370833886503,-87.57771466194524,-8.200252425529023,True,9
session_908,station_49,Audi e-tron,Tesla Supercharger,2025-04-25 23:10:08,115,74.62401942292865,Los Angeles,33.48909060322684,-98.31173357969249,31.14717649777716,True,19
session_658,station_9,Ford Mustang Mach-E,CCS,2025-04-25 23:10:08,103,57.52926462836983,San Diego,44.949891316029706,-105.81719579505283,-0.6004218889297253,True,18
session_957,station_17,Volkswagen ID.4,Type 2,2025-04-25 23:10:08,102,25.08514794352447,Houston,36.69419057305256,-78.85676636897793,30.820874437570744,False,10
session_886,station_40,Volkswagen ID.4,Tesla Supercharger,2025-04-25 23:10:08,18,11.838005364845124,San Francisco,41.497307868486615,-118.92954724214437,1.7256016626428359,False,0
session_221,station_21,Volkswagen ID.4,CHAdeMO,2025-04-25 23:10:08,33,66.0479838929842,San Francisco,31.142030688925175,-86.13777272813364,-6.455634419753554,False,15
session_789,station_17,Tesla Model Y,Type 2,2025-04-25 23:10:08,27,30.5218969411473,Houston,44.345557911304866,-77.36869112592217,27.535118469559492,True,9
session_712,station_41,Chevy Bolt,CCS,2025-04-25 23:10:08,74,60.72682467448336,San Francisco,31.181547998631842,-101.90279407809442,4.897270283410295,True,11
session_714,station_20,Nissan Leaf,CCS,2025-04-25 23:10:08,26,53.58430996667866,New York,47.149066817639834,-106.606642169335,0.5211125119020306,False,16
session_1113,station_25,Rivian R1T,Tesla Supercharger,2025-04-25 23:10:08,63,53.0142866408987,San Francisco,44.64962354405346,-118.0093600204846,-1.395509606028158,True,17
session_1191,station_11,Nissan Leaf,Type 2,2025-04-25 23:10:08,107,61.73489935876521,San Francisco,31.178482000995523,-106.76538655999178,25.849979653696217,False,14
session_790,station_47,Audi e-tron,Tesla Supercharger,2025-04-25 23:10:08,52,31.091414605581708,New York,38.24759724260928,-101.51984543698241,1.9117121763499068,True,2
session_416,station_15,Rivian R1T,CHAdeMO,2025-04-25 23:10:08,52,33.372811589726645,San Antonio,42.11560307839458,-119.65008020047262,-4.683725383496434,True,21
session_899,station_28,Rivian R1T,CHAdeMO,2025-04-25 23:10:08,56,73.5784113859736,Dallas,28.101348746332636,-77.011118544148,34.95536868864434,True,13
session_935,station_4,Hyundai Kona Electric,CCS,2025-04-25 23:10:08,27,60.321586124028535,Dallas,39.64939080698141,-100.76825248544381,25.85177840300137,False,14
session_266,station_28,Volkswagen ID.4,Tesla Supercharger,2025-04-25 23:10:08,78,53.40313287331119,Los Angeles,31.306914720738376,-90.4600234964025,14.10318451843737,True,3
session_632,station_42,Nissan Leaf,Tesla Supercharger,2025-04-25 23:10:08,63,50.31116758270515,San Diego,33.194533578871386,-75.7592745333875,27.384288390061336,True,14
session_248,station_7,Nissan Leaf,Tesla Supercharger,2025-04-25 23:10:08,98,32.78069520338262,Houston,40.03991179404015,-112.15598516128955,18.2422019600552,True,21
session_683,station_40,Chevy Bolt,CCS,2025-04-25 23:10:08,81,71.01966289579595,San Francisco,31.459572984465268,-84.44107866245331,16.729636237168283,False,10
session_559,station_31,Tesla Model 3,CHAdeMO,2025-04-25 23:10:08,75,48.091920741543916,Phoenix,25.11247404017764,-115.9479664890977,17.16176353140233,False,1
session_1137,station_7,Audi e-tron,Type 2,2025-04-25 23:10:08,102,18.9623617516583,New York,31.913450951878623,-114.67442251537891,15.190220118007598,True,6
session_968,station_25,Rivian R1T,CHAdeMO,2025-04-25 23:10:08,81,49.338654250271716,Dallas,37.861600367876505,-85.7589249277599,32.56213538458257,False,11
session_1005,station_1,Kia EV6,CCS,2025-04-25 23:10:08,97,16.571638391008754,Phoenix,41.76905659681613,-102.6670418166182,4.597543288011913,False,20
session_985,station_39,Volkswagen ID.4,CCS,2025-04-25 23:10:08,45,58.58473809739188,Houston,43.844795998093446,-119.26990543303093,1.471155366055525,False,7
session_295,station_25,Audi e-tron,CCS,2025-04-25 23:10:08,114,23.407758899188963,Dallas,34.428389135922224,-100.32073930361229,15.310532046742143,True,19
session_520,station_35,Ford Mustang Mach-E,CCS,2025-04-25 23:10:08,63,51.98355520576017,Phoenix,47.502387329185765,-87.10673916746399,17.21929456524523,False,5
session_771,station_2,Kia EV6,CHAdeMO,2025-04-25 23:10:08,19,72.01883563431497,Philadelphia,38.99665226032911,-71.31923727831568,30.983622903330144,False,8
session_84,station_23,Chevy Bolt,Tesla Supercharger,2025-04-25 23:10:08,77,15.08399749383329,Phoenix,34.798827276957795,-95.58566979542344,-1.7034077233359142,True,14
session_232,station_47,Rivian R1T,Type 2,2025-04-25 23:10:08,115,58.2709217368216,Chicago,31.951594977986147,-76.1398482770045,23.76484592770899,False,5
session_621,station_9,Hyundai Kona Electric,Type 2,2025-04-25 23:10:08,36,75.7288617384219,Dallas,32.89763551794617,-72.10630546175872,7.38985360290582,True,14
session_334,station_39,Nissan Leaf,Tesla Supercharger,2025-04-25 23:10:08,86,25.497646228124857,Philadelphia,33.12643875622511,-107.85823219692567,8.596175527682703,True,21
session_130,station_43,Volkswagen ID.4,CHAdeMO,2025-04-25 23:10:08,34,42.62316528492423,Dallas,40.978705635090726,-84.18763096572772,31.74703411906721,False,18
session_1012,station_18,Audi e-tron,Tesla Supercharger,2025-04-25 23:10:08,36,17.6310842401535,Houston,36.705307999276435,-90.47494480850145,23.86862598573034,True,3
session_645,station_20,Hyundai Kona Electric,Tesla Supercharger,2025-04-25 23:10:08,23,55.502843806794054,Phoenix,38.85182354454396,-72.83687948478988,-3.0563567970683323,True,11
session_974,station_49,Tesla Model 3,CHAdeMO,2025-04-25 23:10:08,107,42.47210768070405,Houston,34.39494801667364,-71.61541204947201,-8.723503736264469,False,5
session_383,station_5,Volkswagen ID.4,Type 2,2025-04-25 23:10:08,96,12.809309988756716,Houston,38.619081641400335,-83.01541276853021,33.05308761976442,False,20
session_868,station_35,Kia EV6,Type 2,2025-04-25 23:10:08,21,46.09538658640258,San Francisco,38.03936184773171,-110.04388865740559,21.18050767193474,True,4
session_543,station_41,Chevy Bolt,CCS,2025-04-25 23:10:08,119,63.38716679012093,Philadelphia,26.082803907166394,-70.82287647785921,15.146103736441894,False,18
session_1194,station_10,Volkswagen ID.4,Tesla Supercharger,2025-04-25 23:10:08,75,51.8450880734907,San Diego,36.17730116233279,-105.92651154973065,4.216401360445351,True,0
session_875,station_41,Tesla Model Y,CCS,2025-04-25 23:10:08,38,31.70230735594188,New York,44.682223836933844,-100.45123642811964,5.171271464427624,True,3
session_332,station_22,Chevy Bolt,CHAdeMO,2025-04-25 23:10:08,26,40.50925705254765,Philadelphia,45.54947324502413,-70.04625257919793,22.263499241850063,False,21
session_410,station_1,Rivian R1T,Type 2,2025-04-25 23:10:08,108,58.97217289279259,Houston,28.699491081909564,-123.58035318390469,-2.7023820507727594,True,19
session_77,station_42,Tesla Model 3,CHAdeMO,2025-04-25 23:10:08,119,61.51420553543201,Dallas,26.508498863152646,-117.63199802727445,33.29102330402658,True,11
session_869,station_26,Audi e-tron,Tesla Supercharger,2025-04-25 23:10:08,42,72.2989750583195,Phoenix,26.255673860047573,-102.89862568947744,7.454536297813643,True,14
session_139,station_21,Audi e-tron,Type 2,2025-04-25 23:10:08,107,32.04587823862488,Chicago,31.420392953567603,-84.0511945177949,8.78062531009872,True,23
session_544,station_47,Audi e-tron,Type 2,2025-04-25 23:10:08,100,47.59222726513648,Chicago,25.76120679772788,-94.67161624280638,5.857990844458461,False,11
session_674,station_26,Hyundai Kona Electric,CHAdeMO,2025-04-25 23:10:08,83,39.301896618633734,Los Angeles,25.656084634844653,-78.57298757161449,-7.427785467279598,True,20
session_921,station_31,Hyundai Kona Electric,Tesla Supercharger,2025-04-25 23:10:08,65,11.832062747374028,Philadelphia,30.342266772766912,-109.28979356365073,30.911443491032927,True,19
session_64,station_1,Nissan Leaf,CHAdeMO,2025-04-25 23:10:08,77,42.16794513070106,Houston,34.92094682825537,-93.68100288256453,32.87022572523464,True,9
session_142,station_47,Ford Mustang Mach-E,CHAdeMO,2025-04-25 23:10:08,45,53.75759617261548,Dallas,40.541905056725724,-72.61957657510052,-1.6837141599777592,False,20
session_717,station_19,Nissan Leaf,Tesla Supercharger,2025-04-25 23:10:08,70,53.40772441189035,San Antonio,30.885866689125997,-97.36845411939282,-6.443917187768893,True,15
session_377,station_30,Tesla Model 3,CCS,2025-04-25 23:10:08,107,25.652205657929898,Chicago,39.19756100803548,-92.22045841460341,34.22607789954161,True,10
session_364,station_40,Nissan Leaf,Tesla Supercharger,2025-04-25 23:10:08,36,16.583822996851197,San Antonio,45.7430540637213,-84.08833903533431,15.584100227670369,True,13
session_140,station_14,Ford Mustang Mach-E,CHAdeMO,2025-04-25 23:10:08,74,58.79492140842145,Dallas,46.701070219303524,-72.27033986658721,27.470436690333102,False,20
session_885,station_15,Tesla Model 3,Tesla Supercharger,2025-04-25 23:10:08,66,67.6643156879864,New York,39.00930901879428,-111.50847953991224,1.8049360006552142,False,15
session_1042,station_34,Volkswagen ID.4,Tesla Supercharger,2025-04-25 23:10:08,67,77.91048625846304,Philadelphia,32.71403958735891,-87.41251233918712,24.26152423488336,False,5
session_225,station_7,Rivian R1T,Type 2,2025-04-25 23:10:08,91,58.45028664840946,Los Angeles,38.62324982284008,-104.76161417573122,-6.845967548585691,False,5
session_515,station_3,Rivian R1T,CCS,2025-04-25 23:10:08,80,58.54831560479666,Philadelphia,25.127553750694556,-104.81679103495004,9.720693760595399,False,12
session_267,station_47,Kia EV6,CCS,2025-04-25 23:10:08,55,68.29227545361672,San Francisco,25.175946989502247,-116.5670962596914,16.80983939729193,True,13
session_1170,station_29,Audi e-tron,CHAdeMO,2025-04-25 23:10:08,116,24.469591299437038,Philadelphia,26.720868599773233,-110.27732533413294,31.813850524278635,True,12
session_487,station_45,Tesla Model 3,Tesla Supercharger,2025-04-25 23:10:08,18,16.939850869298596,Houston,41.90175410271665,-82.7747659473401,-7.55052117568502,False,14
session_353,station_12,Audi e-tron,CHAdeMO,2025-04-25 23:10:08,21,72.61063248499741,Philadelphia,30.02632972410101,-106.08613438336019,29.885852734766708,False,11
session_1006,station_7,Tesla Model 3,Type 2,2025-04-25 23:10:08,91,72.52816323606447,San Antonio,35.15545835778995,-112.72269696835464,-4.3846620746267515,True,3
session_618,station_11,Kia EV6,Tesla Supercharger,2025-04-25 23:10:08,50,45.278618059254825,Philadelphia,41.20815755440339,-73.0114677338299,7.324055775200382,False,0
session_668,station_7,Rivian R1T,Tesla Supercharger,2025-04-25 23:10:08,17,27.307481770479725,San Diego,32.814249772029704,-87.65327920492432,-1.9206546624738294,True,21
session_775,station_7,Rivian R1T,Type 2,2025-04-25 23:10:08,63,71.53622465510705,Phoenix,37.09560929562974,-106.45472059655307,28.38715550326966,True,3
session_554,station_40,Audi e-tron,CHAdeMO,2025-04-25 23:10:08,96,36.616147870626115,Philadelphia,26.65825472121909,-114.12187267854713,23.60436140451322,True,2
session_576,station_5,Rivian R1T,CCS,2025-04-25 23:10:08,16,19.382744698914543,Dallas,42.29754755559185,-86.57351641082616,19.221428141168133,False,18
session_915,station_32,Volkswagen ID.4,Type 2,2025-04-25 23:10:08,105,51.927866152975994,Phoenix,34.0788881941203,-113.19062310727128,18.537563704474834,True,2
session_466,station_49,Nissan Leaf,Tesla Supercharger,2025-04-25 23:10:08,92,60.12356402507595,San Diego,28.72496054210773,-102.06614474692071,17.319566828080777,False,7
session_591,station_25,Volkswagen ID.4,CHAdeMO,2025-04-25 23:10:08,19,28.325687429799387,Chicago,29.228657012053986,-122.56616788567948,-8.224920630376849,False,23
session_765,station_38,Volkswagen ID.4,Type 2,2025-04-25 23:10:08,100,16.91807447047929,San Antonio,27.13793836461315,-89.55435372849603,18.696466344263303,False,0
session_635,station_18,Kia EV6,CCS,2025-04-25 23:10:08,69,68.34681103084299,Houston,32.682570926439155,-79.3758396339006,-0.6268926043567635,False,3
session_838,station_45,Chevy Bolt,Tesla Supercharger,2025-04-25 23:10:08,73,69.4993525901791,Los Angeles,43.2718066145832,-96.46622230170948,26.22869417635139,False,15
session_290,station_30,Tesla Model 3,Type 2,2025-04-25 23:10:08,30,19.229876569120158,San Diego,41.476397021648765,-119.93458052293761,3.1895375915959416,False,8
session_40,station_26,Chevy Bolt,Type 2,2025-04-25 23:10:08,85,57.23724984964306,San Antonio,41.832113887596314,-71.41148321923596,14.491538863265884,False,4
session_31,station_5,Ford Mustang Mach-E,Tesla Supercharger,2025-04-25 23:10:08,39,62.20951901846334,Phoenix,43.069138845510736,-123.0774979954157,27.403877580598454,False,3
session_243,station_32,Audi e-tron,CHAdeMO,2025-04-25 23:10:08,52,69.8410232200176,Houston,45.37150825374863,-91.32940774116454,21.375743803561726,False,16
session_429,station_28,Hyundai Kona Electric,Type 2,2025-04-25 23:10:08,111,47.260985991012525,Los Angeles,30.9028126453936,-97.54791865489504,9.197280427316318,True,5
session_137,station_49,Nissan Leaf,CHAdeMO,2025-04-25 23:10:08,54,40.85770743144748,Phoenix,47.322286805528094,-75.00214727215669,23.04862897431444,True,21
session_1101,station_50,Kia EV6,Type 2,2025-04-25 23:10:08,68,48.502742169251775,San Diego,31.504455382393843,-79.90582128395228,25.764585236186925,False,0
session_865,station_25,Tesla Model Y,CHAdeMO,2025-04-25 23:10:08,78,31.202242888377004,New York,45.663037459545066,-84.1859538274037,-4.7915255405693955,True,8
session_4,station_10,Tesla Model Y,Type 2,2025-04-25 23:10:08,99,49.545046222524,San Francisco,29.619842447241464,-122.7516886260855,3.949769174392644,False,3
session_833,station_2,Tesla Model Y,CCS,2025-04-25 23:10:08,95,58.00850331575058,San Diego,43.00263877071332,-120.41897609747826,17.85123225255718,False,4
session_603,station_30,Volkswagen ID.4,Type 2,2025-04-25 23:10:08,103,33.90542440269395,Chicago,25.82066239255014,-119.22173322442747,4.743733001602447,False,14
session_1034,station_38,Audi e-tron,Type 2,2025-04-25 23:10:08,79,19.92012491938741,San Francisco,27.13909741584727,-106.74841020988782,-8.662786209682116,False,0
session_655,station_34,Tesla Model 3,Tesla Supercharger,2025-04-25 23:10:08,94,35.91180692821861,Philadelphia,36.711696248359544,-79.70919576140567,16.82330255958344,True,11
session_844,station_13,Kia EV6,CCS,2025-04-25 23:10:08,63,56.39282996967946,Phoenix,28.597275036137574,-85.14791062133997,19.724426628707185,True,5
session_784,station_7,Ford Mustang Mach-E,CHAdeMO,2025-04-25 23:10:08,78,27.985223199615575,New York,45.350629546244136,-103.91578402679659,34.01700538581196,False,21
session_1074,station_5,Hyundai Kona Electric,CHAdeMO,2025-04-25 23:10:08,91,75.32782151376186,San Francisco,25.919891497764034,-109.91640293324761,7.126330499154051,False,1
session_443,station_30,Chevy Bolt,CCS,2025-04-25 23:10:08,42,54.53405768666401,Houston,44.826920014841505,-119.9876252097878,-7.705964516338675,False,16
session_1178,station_16,Ford Mustang Mach-E,Type 2,2025-04-25 23:10:08,18,16.54051648173438,Philadelphia,40.99281117426031,-122.20122517433431,9.052952243859579,False,9
session_436,station_34,Tesla Model 3,CHAdeMO,2025-04-25 23:10:08,112,51.93250591132869,New York,31.19753011412801,-73.54666674119272,29.784649738223195,False,10
session_1169,station_4,Hyundai Kona Electric,CCS,2025-04-25 23:10:08,25,28.4486480474959,Chicago,34.12988455987531,-109.28761517303695,27.21718225822262,False,17
session_101,station_41,Audi e-tron,CHAdeMO,2025-04-25 23:10:08,91,62.24172438885488,Chicago,40.499444563824795,-72.98737044947133,3.2713027962658963,True,1
session_773,station_34,Rivian R1T,CHAdeMO,2025-04-25 23:10:08,26,26.559151849408977,Phoenix,26.58232022264721,-73.88480862404444,13.681451197660468,True,7
session_495,station_3,Kia EV6,Tesla Supercharger,2025-04-25 23:10:08,29,79.05676797532398,Phoenix,26.754465354303953,-88.16768105321543,3.9240163522602973,True,11
session_1028,station_1,Rivian R1T,Type 2,2025-04-25 23:10:08,29,27.826693180919516,Dallas,27.50665401631889,-122.59928888623654,1.8552627041271634,True,7
session_807,station_11,Hyundai Kona Electric,CHAdeMO,2025-04-25 23:10:08,67,18.134886989415996,Philadelphia,26.49723540424975,-119.72864439807898,24.609682112390942,False,19
session_1142,station_42,Rivian R1T,CCS,2025-04-25 23:10:08,34,12.156230056723171,Phoenix,33.545415899511255,-97.58151756083147,29.46678008518542,True,17
session_846,station_38,Hyundai Kona Electric,CCS,2025-04-25 23:10:08,109,10.824440398059457,New York,47.61197125273325,-110.93578418213373,6.700081421207869,False,13
session_987,station_38,Volkswagen ID.4,CCS,2025-04-25 23:10:08,23,65.4647620423484,Los Angeles,38.63978392946785,-102.32776597950586,0.5412637340097177,True,2
session_228,station_6,Volkswagen ID.4,Tesla Supercharger,2025-04-25 23:10:08,83,65.30207309426731,Houston,36.57585876467755,-115.80880050041765,8.226024059819665,False,18
session_1193,station_6,Tesla Model 3,CCS,2025-04-25 23:10:08,32,26.39788297817573,Dallas,46.40712050363327,-105.96050668165827,30.29631259380392,False,18
session_672,station_25,Chevy Bolt,Tesla Supercharger,2025-04-25 23:10:08,115,76.77300661795859,San Diego,29.224243485082525,-97.69874485062468,15.268105678859833,True,9
session_859,station_41,Kia EV6,CCS,2025-04-25 23:10:08,70,33.70137834405999,Dallas,31.02620488900788,-94.85544573589453,12.585967613652539,False,6
session_925,station_42,Volkswagen ID.4,CCS,2025-04-25 23:10:08,53,60.79879986558836,San Diego,37.85951799719088,-75.33904768127354,7.907690589294887,False,7
session_67,station_45,Tesla Model 3,CCS,2025-04-25 23:10:08,43,60.20411393300418,Houston,37.782771503586616,-94.26870978237466,8.689380001225736,False,17
session_68,station_35,Tesla Model 3,Tesla Supercharger,2025-04-25 23:10:08,18,23.79788274106989,New York,40.40887186582406,-116.86295219014266,14.37004594111033,False,13
session_817,station_20,Hyundai Kona Electric,Type 2,2025-04-25 23:10:08,86,10.989403759097693,Dallas,42.18106270424227,-85.58776332057019,3.0863307417298014,True,9
session_212,station_5,Audi e-tron,Type 2,2025-04-25 23:10:08,76,12.772002479584366,San Antonio,26.23771028006367,-119.57080399095196,13.356947293334535,False,5
session_13,station_6,Kia EV6,CCS,2025-04-25 23:10:08,29,42.30104642697633,New York,42.30481220186121,-90.72739111040329,0.07791151661069584,True,3
session_494,station_14,Nissan Leaf,CCS,2025-04-25 23:10:08,26,77.44048323671835,Chicago,39.26677191889573,-79.89690567016284,8.723198435806623,True,20
session_1165,station_47,Ford Mustang Mach-E,Tesla Supercharger,2025-04-25 23:10:08,58,19.23223203875842,Dallas,25.63601328787258,-82.41873239491323,32.8384119254943,False,1
session_300,station_12,Chevy Bolt,Type 2,2025-04-25 23:10:08,35,62.82994838348682,Philadelphia,33.20493394182579,-77.36138577401893,-9.94915984589793,False,13
session_411,station_40,Volkswagen ID.4,Tesla Supercharger,2025-04-25 23:10:08,24,37.06714382336577,San Diego,25.251299003052512,-119.20420270612951,-1.6486843335582417,False,1
session_757,station_1,Volkswagen ID.4,Type 2,2025-04-25 23:10:08,99,27.495460052908808,Philadelphia,42.68677132516122,-89.48416211012821,30.51963328673552,False,17
session_1075,station_23,Audi e-tron,CHAdeMO,2025-04-25 23:10:08,19,54.88918734670387,New York,28.69723751542107,-87.05572068769797,20.011267802756375,True,8
session_696,station_28,Chevy Bolt,CHAdeMO,2025-04-25 23:10:08,23,78.81471273962356,New York,45.91516017688576,-118.16561951254454,11.546952532662441,False,1
session_1151,station_45,Kia EV6,CCS,2025-04-25 23:10:08,116,43.361056740790126,Phoenix,27.510713591390072,-97.66158826531716,2.021467208869762,True,6
session_724,station_22,Tesla Model 3,Type 2,2025-04-25 23:10:08,110,12.641455591070835,San Antonio,43.02854593606221,-109.48713093887704,-7.460032565224074,False,7
session_1016,station_35,Tesla Model Y,CCS,2025-04-25 23:10:08,66,36.06139000232008,Dallas,28.490659911007086,-73.37282105954324,-9.895501626234562,True,10
session_528,station_13,Chevy Bolt,CCS,2025-04-25 23:10:08,88,25.314751661213133,Dallas,36.38344598609777,-87.79097229008684,10.896241311637556,True,6
session_600,station_11,Hyundai Kona Electric,Tesla Supercharger,2025-04-25 23:10:08,46,23.391262657546896,Houston,28.13067680849153,-114.43516674449519,31.295415515633863,False,9
session_1120,station_39,Volkswagen ID.4,CCS,2025-04-25 23:10:08,18,65.41827038092867,Chicago,43.03990088784899,-105.89441908343234,26.822001892560138,True,1
session_567,station_22,Hyundai Kona Electric,CCS,2025-04-25 23:10:08,70,55.570224679033345,Phoenix,30.305591599881645,-119.62211813401245,17.211107856424608,False,5
session_731,station_14,Rivian R1T,Tesla Supercharger,2025-04-25 23:10:08,19,21.372450576551678,Houston,38.73758915520834,-115.15892421552833,19.032393589757227,True,23
session_274,station_45,Rivian R1T,CCS,2025-04-25 23:10:08,74,46.29711393465566,New York,42.310477656523304,-76.13063403709943,17.88714051636025,True,2
session_967,station_23,Rivian R1T,CHAdeMO,2025-04-25 23:10:08,41,47.7389823084139,San Antonio,28.85833095558441,-104.3998032085511,-4.781760002465558,False,4
session_238,station_8,Nissan Leaf,Type 2,2025-04-25 23:10:08,95,45.739799839938826,New York,34.63564342506821,-100.5914883377103,30.0065645970242,True,23
session_406,station_22,Chevy Bolt,Tesla Supercharger,2025-04-25 23:10:08,92,64.43057056884632,San Francisco,47.583361943562025,-100.59587005476979,-8.273097384405887,False,16
session_3,station_34,Kia EV6,CCS,2025-04-25 23:10:08,108,37.369389518395096,Dallas,34.12438753911973,-102.66371722508858,17.7574898273921,False,17
session_7,station_6,Nissan Leaf,Type 2,2025-04-25 23:10:08,63,74.30831308036113,New York,29.532496549366385,-101.96981074489037,-6.303033087961322,False,13
session_312,station_29,Tesla Model 3,Tesla Supercharger,2025-04-25 23:10:08,83,40.11957445327124,San Francisco,36.78477355583178,-108.06909863752402,-6.870799576601707,True,19
session_1091,station_48,Tesla Model 3,CCS,2025-04-25 23:10:08,53,37.900662401869965,Phoenix,33.59023764219063,-89.89003898609351,27.382449981054307,True,2
session_452,station_34,Nissan Leaf,CHAdeMO,2025-04-25 23:10:08,70,27.441566098539912,Houston,30.030893000516166,-122.65543195694907,16.270760179352038,True,17
session_722,station_27,Audi e-tron,CCS,2025-04-25 23:10:08,119,40.806178893958716,Phoenix,46.975547694944915,-104.83422878069557,-3.3907299727522267,True,12
session_216,station_18,Nissan Leaf,Tesla Supercharger,2025-04-25 23:10:08,88,70.0213164543039,San Diego,45.56799392005487,-122.27720918577052,26.262419784035004,True,17
session_1086,station_47,Audi e-tron,Type 2,2025-04-25 23:10:08,55,17.3604224424426,Dallas,32.23942433526344,-78.56579134837202,19.339861808015204,True,19
session_28,station_46,Nissan Leaf,CCS,2025-04-25 23:10:08,82,18.8689241896929,San Diego,38.29106343533708,-124.77584508148067,13.028098457893275,False,19
session_1158,station_23,Kia EV6,CHAdeMO,2025-04-25 23:10:08,39,70.31857454514183,San Diego,33.55428912727879,-124.37190238857004,0.739638303728082,False,5
session_362,station_18,Rivian R1T,Tesla Supercharger,2025-04-25 23:10:08,85,41.40117103708866,Chicago,45.56849017366085,-87.84889738502284,-5.022980054659334,False,18
session_823,station_45,Volkswagen ID.4,Type 2,2025-04-25 23:10:08,70,64.79941932812909,Houston,40.93225886709209,-88.87309186818996,3.9373660092470324,True,3
session_781,station_25,Volkswagen ID.4,CHAdeMO,2025-04-25 23:10:08,102,33.748616984883945,Philadelphia,45.680532338841275,-75.00234860240693,15.496641160290771,False,14
session_629,station_27,Audi e-tron,Tesla Supercharger,2025-04-25 23:10:08,23,36.93526884180482,San Diego,36.60407029409776,-101.46149493814997,17.995862842913592,False,7
session_454,station_48,Rivian R1T,CCS,2025-04-25 23:10:08,21,30.933204849686142,New York,46.93319188085947,-90.90198465381812,-6.796646435095376,True,10
session_739,station_31,Nissan Leaf,Tesla Supercharger,2025-04-25 23:10:08,71,19.529303035516797,Phoenix,26.37925265502679,-113.70198060730694,-8.981242210085183,False,15
session_536,station_8,Rivian R1T,CHAdeMO,2025-04-25 23:10:08,60,45.5066143653965,Philadelphia,47.28081710602535,-88.02254830697495,10.949437611234856,True,1
session_1050,station_25,Audi e-tron,Tesla Supercharger,2025-04-25 23:10:08,54,17.26227453171676,Chicago,29.682308410775782,-84.95699851088827,-9.307593731115274,False,10
session_399,station_14,Tesla Model Y,Type 2,2025-04-25 23:10:08,99,40.712506840780556,Houston,29.702685410235134,-113.45936593729617,13.05355821845702,True,16
session_257,station_49,Rivian R1T,CHAdeMO,2025-04-25 23:10:08,19,58.694929537515165,Phoenix,41.79143106930357,-98.80955954038558,18.36819038307329,False,13
session_292,station_24,Ford Mustang Mach-E,Type 2,2025-04-25 23:10:08,78,50.57964799491562,Philadelphia,32.767282183815745,-124.17256731178828,-0.7208115636350758,False,1
session_26,station_18,Chevy Bolt,CHAdeMO,2025-04-25 23:10:08,72,10.11229542562239,Los Angeles,32.8681168346397,-121.12240929898361,25.524507623554314,False,0
session_337,station_16,Tesla Model Y,Tesla Supercharger,2025-04-25 23:10:08,120,32.87656438636527,San Diego,45.01185697692115,-117.03535396649322,-8.997292206471897,True,15
session_585,station_25,Tesla Model Y,Type 2,2025-04-25 23:10:08,38,43.35137102844438,San Diego,35.10423164162765,-82.14251673600856,-5.118332128470163,True,14
session_48,station_43,Volkswagen ID.4,CCS,2025-04-25 23:10:08,45,22.909570532764505,New York,25.063662942269115,-76.29247732721225,-6.938742316295281,True,15
session_319,station_4,Tesla Model 3,Tesla Supercharger,2025-04-25 23:10:08,95,21.66426134840659,Los Angeles,25.81943811537783,-74.43729272152228,7.7473215376481726,False,12
session_107,station_8,Audi e-tron,CHAdeMO,2025-04-25 23:10:08,43,15.724587685234336,Los Angeles,38.976159430254135,-111.4212783806219,23.102693749640125,True,15
session_799,station_50,Rivian R1T,Type 2,2025-04-25 23:10:08,90,65.01005590136693,Philadelphia,41.17214430587414,-74.165058823671,-5.667657208015015,True,22
session_56,station_25,Rivian R1T,CCS,2025-04-25 23:10:08,18,14.322378152989213,New York,46.20256450993929,-116.66136836256081,20.18767661931357,False,6
session_523,station_40,Rivian R1T,CHAdeMO,2025-04-25 23:10:08,19,54.558739321612244,Chicago,46.775475954894844,-99.51287675713179,-3.825456377503752,True,18
session_214,station_9,Tesla Model Y,CHAdeMO,2025-04-25 23:10:08,64,15.689197234566253,Houston,38.72121310519873,-95.27477905124314,34.84074554853563,True,20
session_121,station_33,Kia EV6,CCS,2025-04-25 23:10:08,71,66.25886848204033,San Diego,25.660198748428233,-106.9350883998276,30.893700614491216,False,4
session_918,station_18,Tesla Model Y,CHAdeMO,2025-04-25 23:10:08,114,63.107305813718405,San Antonio,26.318396680234418,-104.98088427180272,22.562843230593174,True,7
session_1068,station_39,Tesla Model 3,Tesla Supercharger,2025-04-25 23:10:08,47,68.31117046405771,Philadelphia,37.12010687683499,-108.14360295047189,28.717987228455563,False,14
session_1118,station_38,Audi e-tron,Tesla Supercharger,2025-04-25 23:10:08,59,35.51366430138134,Houston,43.439290244101514,-101.51941824928223,24.714734290325993,False,15
session_73,station_22,Hyundai Kona Electric,CCS,2025-04-25 23:10:08,76,56.17322773564704,San Antonio,44.40917278477135,-81.08900750461248,5.6799106691162695,True,1
session_948,station_8,Tesla Model 3,CHAdeMO,2025-04-25 23:10:08,117,48.13196377159195,San Francisco,28.984978411188234,-118.96740314428831,2.4408305785392628,True,3
session_747,station_5,Volkswagen ID.4,Type 2,2025-04-25 23:10:08,55,60.142299196533635,New York,39.88966880025731,-122.58274997118356,0.3627537537058636,False,6
session_716,station_14,Rivian R1T,Tesla Supercharger,2025-04-25 23:10:08,82,54.42230687831163,Dallas,40.00964994283295,-80.14571831757067,3.12701844014242,True,0
session_558,station_7,Audi e-tron,CHAdeMO,2025-04-25 23:10:08,109,25.180780083813886,San Francisco,37.96133474646892,-117.43105543838713,5.203056382570276,False,7
session_1082,station_25,Rivian R1T,Tesla Supercharger,2025-04-25 23:10:08,82,51.43569353799532,Houston,32.33845607885062,-98.35130064306655,23.801569870980387,True,5
session_1046,station_17,Tesla Model Y,CHAdeMO,2025-04-25 23:10:08,56,73.73792434762603,Los Angeles,35.24703741251571,-104.1527936105356,-0.3983366762074336,False,16
session_553,station_39,Audi e-tron,Tesla Supercharger,2025-04-25 23:10:08,24,75.38337367264546,Houston,28.762039728486677,-95.03485512090779,32.74320737724946,False,16
session_562,station_27,Audi e-tron,Tesla Supercharger,2025-04-25 23:10:08,17,57.59393864703644,New York,46.58989276727198,-80.20520119111553,9.826667961815506,False,18
session_425,station_4,Volkswagen ID.4,CCS,2025-04-25 23:10:08,70,11.25928772347686,Houston,33.510017810199805,-115.38172894047004,-6.126724458116318,True,5
session_1014,station_11,Audi e-tron,Tesla Supercharger,2025-04-25 23:10:08,95,68.0001602138808,New York,27.427876097791646,-87.9103770010546,-2.6987371593264404,False,7
session_326,station_33,Audi e-tron,CHAdeMO,2025-04-25 23:10:08,64,62.18713271024447,Philadelphia,44.93391472163036,-95.51976392434764,22.15954824472395,True,22
session_924,station_49,Tesla Model Y,CCS,2025-04-25 23:10:08,30,74.99581643902614,Los Angeles,44.96893450906839,-98.75078439979094,25.472077662086704,False,22
session_317,station_33,Kia EV6,CHAdeMO,2025-04-25 23:10:08,19,21.80223278822091,San Francisco,35.067507099315876,-119.95107619714153,8.661181268875591,False,5
session_804,station_25,Volkswagen ID.4,Tesla Supercharger,2025-04-25 23:10:08,54,34.3597691130354,San Diego,28.260926747156574,-102.1660734814652,26.17342566465092,True,10
session_1163,station_27,Tesla Model 3,CCS,2025-04-25 23:10:08,75,73.7173788443026,San Antonio,39.36029698902098,-102.74485394474124,24.729029290126185,False,11
session_529,station_44,Hyundai Kona Electric,Type 2,2025-04-25 23:10:08,97,34.20147610079142,Chicago,36.51405630004095,-99.89854695535429,29.483611766189313,False,0
session_837,station_43,Chevy Bolt,Tesla Supercharger,2025-04-25 23:10:08,86,30.92851132347515,San Diego,26.231470064558607,-106.47664332753118,31.741807493692257,False,21
session_715,station_46,Nissan Leaf,Tesla Supercharger,2025-04-25 23:10:08,79,36.16837272671823,Dallas,33.58454920955275,-115.72803639539183,26.70910412968925,False,17
session_901,station_44,Ford Mustang Mach-E,Type 2,2025-04-25 23:10:08,53,47.90745773798334,New York,36.64528544763191,-86.89738140964187,-4.133534362816279,False,4
session_61,station_26,Tesla Model 3,CCS,2025-04-25 23:10:08,22,60.86176619026751,Philadelphia,29.27185530827291,-104.00749934510213,2.69556632571844,False,2
session_723,station_38,Tesla Model Y,CHAdeMO,2025-04-25 23:10:08,52,60.7285057640675,San Diego,34.391705013170494,-110.61626224135561,-9.30502512330311,False,19
session_93,station_11,Rivian R1T,Tesla Supercharger,2025-04-25 23:10:08,31,11.006810797766416,Los Angeles,46.67878948629365,-112.47134504181888,-5.236548104243232,False,2
session_858,station_43,Kia EV6,Tesla Supercharger,2025-04-25 23:10:08,78,44.43197673576171,Chicago,28.401864486097512,-73.05785259087028,12.930881909701817,False,12
session_619,station_8,Chevy Bolt,Tesla Supercharger,2025-04-25 23:10:08,103,48.623523490867214,Houston,36.524465153333495,-113.55670052781568,12.617513793629108,True,7
session_352,station_42,Chevy Bolt,Tesla Supercharger,2025-04-25 23:10:08,78,61.76622568880287,Los Angeles,28.150142321526655,-118.82741290420319,13.429901529168404,True,6
session_933,station_31,Chevy Bolt,CHAdeMO,2025-04-25 23:10:08,69,77.98701119330354,Phoenix,35.025357168786456,-78.37224884777332,-2.865877705285726,True,19
session_281,station_29,Chevy Bolt,CCS,2025-04-25 23:10:08,36,66.11376451245008,Phoenix,26.38413238040931,-89.62860965625798,8.307119139532318,True,10
session_421,station_16,Tesla Model 3,Type 2,2025-04-25 23:10:08,54,58.28509871515245,San Francisco,25.855896215280058,-89.94180125273701,22.10689265750149,False,21
session_1115,station_38,Chevy Bolt,CCS,2025-04-25 23:10:08,35,12.585027366372074,Dallas,27.85402059023271,-105.17053882369463,2.5101364722225696,True,4
session_360,station_42,Ford Mustang Mach-E,CCS,2025-04-25 23:10:08,46,23.07804718391391,San Diego,39.5103609100903,-70.6684144455946,-3.1115856193345683,False,14
session_423,station_19,Nissan Leaf,CCS,2025-04-25 23:10:08,58,50.262223055104734,Los Angeles,46.86942880433489,-87.19063456944585,15.488299594694418,False,2
session_679,station_33,Volkswagen ID.4,Type 2,2025-04-25 23:10:08,120,77.1866741520679,Chicago,35.12125482258633,-85.77795189420769,31.568403254627476,True,4
session_527,station_5,Rivian R1T,Type 2,2025-04-25 23:10:08,56,64.42967950729724,San Antonio,45.73899049082701,-95.19329896174125,-1.220453233942342,False,11
session_478,station_45,Ford Mustang Mach-E,CHAdeMO,2025-04-25 23:10:08,37,59.241113928863996,Houston,25.47342529101509,-84.0574528844495,0.5041732600368771,True,17
session_1095,station_19,Tesla Model Y,CHAdeMO,2025-04-25 23:10:08,40,69.51944367529815,Los Angeles,32.19977298666639,-82.30689285272811,3.4030661591729103,False,10
session_183,station_23,Tesla Model Y,CCS,2025-04-25 23:10:08,16,46.75840237870022,San Antonio,43.12331906998094,-108.42259656061123,4.950836248649546,True,17
session_1092,station_1,Nissan Leaf,Tesla Supercharger,2025-04-25 23:10:08,99,25.201071575151367,San Francisco,27.872047609221795,-121.11051922133595,32.112362689566666,True,23
session_433,station_29,Tesla Model Y,CCS,2025-04-25 23:10:08,82,41.28686779425277,Philadelphia,38.83717175860282,-121.61415268670214,3.338777763889812,False,13
session_111,station_18,Nissan Leaf,Tesla Supercharger,2025-04-25 23:10:08,66,21.449483971587036,San Francisco,39.34946175692985,-77.9630628010465,-4.663414375886857,False,14
session_371,station_13,Audi e-tron,CCS,2025-04-25 23:10:08,45,62.11364292035804,Houston,40.55676069353944,-119.59561761249337,-1.3940574909649044,True,22
session_240,station_13,Hyundai Kona Electric,Type 2,2025-04-25 23:10:08,31,52.03320592169782,Phoenix,40.47286524842691,-96.44981840728715,17.034706939153953,True,0
session_709,station_47,Nissan Leaf,CHAdeMO,2025-04-25 23:10:08,45,21.24987591952584,San Antonio,32.291450132310295,-84.501228598095,8.029178468629173,True,16
session_630,station_33,Hyundai Kona Electric,Type 2,2025-04-25 23:10:08,22,76.93495624392422,Dallas,30.1317009775493,-120.85054169376089,-8.05119002407091,False,14
session_594,station_6,Ford Mustang Mach-E,Tesla Supercharger,2025-04-25 23:10:08,91,50.64036891666661,New York,42.547399920935916,-90.31087682175348,22.912316492725836,True,2
session_486,station_50,Chevy Bolt,Tesla Supercharger,2025-04-25 23:10:08,101,36.719984725358785,Houston,34.65590972057463,-104.27305951833887,26.073959576175746,True,16
session_701,station_36,Kia EV6,Tesla Supercharger,2025-04-25 23:10:08,72,71.65733984389672,San Diego,35.909869433991965,-109.30882761815245,3.742071392705931,False,14
session_262,station_16,Tesla Model Y,Type 2,2025-04-25 23:10:08,41,29.215214636377482,San Antonio,38.84978001548038,-107.3195264195023,10.422929541675536,False,23
session_480,station_46,Chevy Bolt,Type 2,2025-04-25 23:10:08,22,46.30633911073231,Los Angeles,41.32215328486194,-73.80027190678702,14.67735074700207,True,22
session_650,station_38,Hyundai Kona Electric,Type 2,2025-04-25 23:10:08,61,43.50753382103921,Houston,34.04204079544083,-92.19263245585607,-9.59834066778681,False,5
session_340,station_13,Chevy Bolt,Tesla Supercharger,2025-04-25 23:10:08,65,18.154023579872494,Houston,40.50215449754867,-96.75883394980936,-7.814419965696052,True,6
session_669,station_34,Tesla Model Y,CCS,2025-04-25 23:10:08,33,10.95323060791791,San Diego,47.701705081555566,-109.88419357786825,20.22770185625636,False,11
session_552,station_18,Volkswagen ID.4,Tesla Supercharger,2025-04-25 23:10:08,95,44.89914583290757,Los Angeles,36.10541948306775,-78.18273647092184,7.7972332297901055,True,23
session_459,station_19,Chevy Bolt,Type 2,2025-04-25 23:10:08,49,53.34508618733821,Houston,40.79425279837601,-86.65457373759945,21.853904500598656,True,6
session_184,station_6,Volkswagen ID.4,Type 2,2025-04-25 23:10:08,60,16.083038551212688,Philadelphia,35.3923853569644,-79.63190341773898,-1.579269593830233,True,11
session_138,station_22,Audi e-tron,Type 2,2025-04-25 23:10:08,106,48.90801276741015,San Antonio,47.88054013081585,-98.35147180536647,16.78973985858989,False,13
session_1161,station_38,Nissan Leaf,CCS,2025-04-25 23:10:08,96,52.41508540615448,Chicago,34.96067962592476,-106.4140097398061,-9.911435643706035,False,10
session_707,station_10,Rivian R1T,Type 2,2025-04-25 23:10:08,119,52.10798462798073,Dallas,41.93827045262291,-95.74922757953533,-1.791707416296445,False,22
session_582,station_12,Audi e-tron,Tesla Supercharger,2025-04-25 23:10:08,80,66.17023347655731,Phoenix,40.24544467375005,-77.28746318903713,-2.242198091772975,False,7
session_81,station_26,Kia EV6,Tesla Supercharger,2025-04-25 23:10:08,57,21.97915345279406,San Francisco,30.04005631630112,-99.95436044551849,25.971234608867285,False,6
session_769,station_31,Nissan Leaf,Tesla Supercharger,2025-04-25 23:10:08,84,42.059534455448485,Los Angeles,42.21570652627783,-91.14219857611089,21.85954719862868,False,10
session_870,station_28,Tesla Model Y,CCS,2025-04-25 23:10:08,65,36.22131547651378,Dallas,28.1513945750798,-111.54592607405273,30.885249946753618,True,4
session_762,station_48,Audi e-tron,Type 2,2025-04-25 23:10:08,112,45.75763660609637,Los Angeles,47.94390092644699,-97.03910305369888,18.6436480509242,True,2
session_30,station_41,Tesla Model Y,Type 2,2025-04-25 23:10:08,36,25.935840051569812,Los Angeles,26.190683410887292,-102.89446695866444,4.391323834442401,True,7
session_542,station_13,Tesla Model Y,CHAdeMO,2025-04-25 23:10:08,45,11.393695079982951,Chicago,42.04685693729972,-117.8899339999537,20.00692828590045,False,6
session_166,station_16,Volkswagen ID.4,CHAdeMO,2025-04-25 23:10:08,18,34.69285874218006,New York,35.34868897406372,-111.53729274139096,5.146658913060254,False,0
session_249,station_32,Tesla Model Y,CCS,2025-04-25 23:10:08,83,56.9546215156062,San Antonio,29.68794365528926,-86.20511308744923,-1.5567410777572324,False,1
session_308,station_35,Ford Mustang Mach-E,Type 2,2025-04-25 23:10:08,73,16.684966568392596,Phoenix,40.56599211908328,-94.24331410662676,-2.643602497925505,True,11
session_448,station_36,Rivian R1T,Tesla Supercharger,2025-04-25 23:10:08,49,63.69461109784738,Philadelphia,31.740191101089444,-83.00398617997638,17.171907170988717,True,10
session_347,station_13,Tesla Model 3,Tesla Supercharger,2025-04-25 23:10:08,75,24.798198752873734,San Antonio,29.75003093827647,-108.24434600130814,-3.8390201353079467,False,12
session_335,station_13,Nissan Leaf,CHAdeMO,2025-04-25 23:10:08,55,56.091457998478596,San Diego,35.591799037355386,-117.07125473198352,5.560883210899593,True,12
session_286,station_25,Nissan Leaf,CHAdeMO,2025-04-25 23:10:08,108,49.93845595943387,Los Angeles,46.49039413467314,-122.07701806686516,2.74163917531628,False,21
session_950,station_31,Ford Mustang Mach-E,CHAdeMO,2025-04-25 23:10:08,40,38.474587268346234,Houston,28.25541268104293,-90.06573709808838,11.522269525399107,False,12
session_98,station_25,Rivian R1T,CCS,2025-04-25 23:10:08,87,37.59229751656892,San Antonio,32.93362237154896,-111.31610642068411,16.125353658495776,False,23
session_468,station_19,Kia EV6,Type 2,2025-04-25 23:10:08,65,45.703283006042426,New York,25.167934654093877,-110.36287434722594,-8.379265033695521,False,0
session_1037,station_32,Audi e-tron,CHAdeMO,2025-04-25 23:10:08,99,14.10384153836793,Philadelphia,39.874759560756765,-79.31957957573218,29.251276029261554,False,16
session_913,station_47,Tesla Model Y,Type 2,2025-04-25 23:10:08,83,46.007710905248196,San Antonio,31.655148213302688,-102.36149238779416,-6.459238654165249,False,0
session_756,station_3,Tesla Model 3,CHAdeMO,2025-04-25 23:10:08,39,54.948501876617435,Phoenix,46.06134163981952,-98.49638829962626,7.75350033690491,True,0
session_945,station_41,Ford Mustang Mach-E,Tesla Supercharger,2025-04-25 23:10:08,62,43.4598160366675,Phoenix,30.16580423840424,-122.1459018270487,2.6423320636817937,True,17
session_614,station_8,Audi e-tron,CHAdeMO,2025-04-25 23:10:08,82,36.4607605038853,Chicago,30.250622322771754,-74.3595561802567,1.8864049162511236,False,13
session_802,station_18,Tesla Model Y,Tesla Supercharger,2025-04-25 23:10:08,50,69.08809131735566,Phoenix,44.20543490693692,-85.83250792267083,16.898297832640516,True,1
session_758,station_8,Nissan Leaf,Type 2,2025-04-25 23:10:08,34,23.58927637134626,Los Angeles,36.119539560921716,-89.27753525699117,1.369900210494233,True,11
session_689,station_48,Tesla Model Y,CCS,2025-04-25 23:10:08,38,46.55284594721443,San Francisco,35.24966179511727,-121.58318458972599,33.58936302003602,True,12
session_66,station_4,Nissan Leaf,Tesla Supercharger,2025-04-25 23:10:08,83,34.4833872461272,Dallas,36.95264223265905,-94.29531276047675,1.3510793657183253,True,20
session_794,station_32,Kia EV6,Tesla Supercharger,2025-04-25 23:10:08,48,47.668474011833645,Philadelphia,27.355044981213823,-71.52358098977443,27.00553364959231,False,19
session_744,station_31,Tesla Model Y,CHAdeMO,2025-04-25 23:10:08,17,37.585783982254284,San Antonio,25.151347089455594,-118.99934303778966,-3.923847268253483,False,4
session_568,station_11,Rivian R1T,CCS,2025-04-25 23:10:08,83,17.339071589546116,Houston,25.507251852074216,-107.99134962790782,29.917750141565307,False,10
session_1084,station_38,Audi e-tron,Type 2,2025-04-25 23:10:08,107,37.677353219337085,New York,35.04437590928552,-120.89277014109668,-2.5837222724129942,True,7
session_1099,station_9,Tesla Model 3,CCS,2025-04-25 23:10:08,88,50.14921416932489,San Francisco,38.81276273268374,-104.09136906847391,19.879926217408585,True,12
session_303,station_30,Tesla Model 3,CCS,2025-04-25 23:10:08,27,49.661411567404556,Philadelphia,45.82948187965172,-109.3852168132495,28.504789244279273,True,21
session_255,station_1,Kia EV6,CHAdeMO,2025-04-25 23:10:08,27,59.579700755005646,Chicago,44.765663973961864,-107.47926062013852,8.105578196815461,False,20
session_959,station_1,Tesla Model Y,Tesla Supercharger,2025-04-25 23:10:08,106,30.91856270005533,San Antonio,36.142399343631084,-110.70117218637249,6.8239243383982,True,15
session_1024,station_22,Tesla Model 3,Type 2,2025-04-25 23:10:08,84,33.78383629431538,Phoenix,38.7540376116835,-115.3714654715808,11.77077624720932,True,9
session_313,station_32,Nissan Leaf,Type 2,2025-04-25 23:10:08,117,48.4725281422909,San Antonio,42.716062623216054,-106.33570074846237,23.182059016095494,False,10
session_530,station_49,Chevy Bolt,Type 2,2025-04-25 23:10:08,116,54.76523767015535,San Diego,46.69238065208616,-106.4321658893692,22.949514439060643,True,2
session_222,station_37,Kia EV6,Tesla Supercharger,2025-04-25 23:10:08,83,69.47767352578346,Dallas,26.873929072182626,-86.28811588556387,-0.9814640467515119,False,7
session_389,station_48,Audi e-tron,CHAdeMO,2025-04-25 23:10:08,71,27.15963053474275,San Diego,36.359084799793365,-107.92365176311952,20.63771726514043,False,8
session_236,station_14,Tesla Model 3,CCS,2025-04-25 23:10:08,73,17.678540473698348,Phoenix,35.20589932002173,-90.76900733141085,-3.0418456562078937,True,5
session_810,station_14,Nissan Leaf,Tesla Supercharger,2025-04-25 23:10:08,86,50.17815400598141,San Diego,47.87671566536817,-112.50010729005166,5.186159371943283,False,15
session_483,station_22,Hyundai Kona Electric,CCS,2025-04-25 23:10:08,18,28.874351641472643,Los Angeles,35.69552735564529,-112.73274453893326,6.411817150222831,False,5
session_713,station_37,Ford Mustang Mach-E,Type 2,2025-04-25 23:10:08,34,68.00840148178143,Dallas,35.687740611420864,-121.57429292101276,28.131920071773706,False,14
session_306,station_38,Nissan Leaf,Tesla Supercharger,2025-04-25 23:10:08,105,28.55540215145488,Los Angeles,45.85452171728254,-109.07816586028306,14.609186643742628,False,19
session_1111,station_14,Rivian R1T,Type 2,2025-04-25 23:10:08,33,73.14207989325936,Phoenix,45.45766916687701,-117.2607625013259,-3.7909788300679983,False,18
session_1090,station_10,Rivian R1T,CHAdeMO,2025-04-25 23:10:08,32,43.17626775290897,New York,30.9480362106713,-76.26712633027772,15.080003726451007,True,8
session_772,station_18,Chevy Bolt,CHAdeMO,2025-04-25 23:10:08,38,33.270914663320326,Phoenix,46.32545300663223,-79.89674039853998,-8.486359825680465,False,18
session_917,station_5,Kia EV6,Tesla Supercharger,2025-04-25 23:10:08,34,37.52722414443012,Los Angeles,30.421776151026467,-98.34590768549546,-5.419527894422745,False,18
session_1139,station_37,Hyundai Kona Electric,Type 2,2025-04-25 23:10:08,40,23.05489317998901,Philadelphia,29.4545591945298,-113.82032571192546,-9.019843157682446,False,17
session_250,station_40,Kia EV6,Tesla Supercharger,2025-04-25 23:10:08,86,15.932311860766099,San Antonio,32.88212961772386,-71.66977916574804,1.9398493434209811,True,4
session_760,station_31,Volkswagen ID.4,CHAdeMO,2025-04-25 23:10:08,42,58.98623704600523,Dallas,43.10952388729844,-80.30686509496525,33.74523740504622,False,4
session_595,station_43,Tesla Model 3,Type 2,2025-04-25 23:10:08,17,77.41864736662828,New York,26.153415015607703,-89.48017854100988,13.442223843750963,True,18
session_72,station_5,Tesla Model 3,CHAdeMO,2025-04-25 23:10:08,69,12.459104610456656,Philadelphia,37.80347948560715,-98.05656345395832,22.012213239553176,True,21
session_95,station_30,Rivian R1T,CCS,2025-04-25 23:10:08,113,15.370574755325805,San Antonio,31.103661717680357,-97.97738976430169,28.21337955322845,False,23
session_546,station_32,Tesla Model Y,CCS,2025-04-25 23:10:08,115,65.48592327926457,Dallas,43.287434310878204,-104.20375765535572,-2.9338438846282324,False,19
session_34,station_30,Chevy Bolt,CCS,2025-04-25 23:10:08,37,14.40387292525292,New York,40.444329895632634,-76.82759433616718,33.235252851523725,True,19
session_862,station_33,Tesla Model 3,CCS,2025-04-25 23:10:08,76,39.11124624960945,San Antonio,34.921672320865994,-92.64027148331402,11.926962324398378,True,14
session_579,station_8,Hyundai Kona Electric,Tesla Supercharger,2025-04-25 23:10:08,101,50.38911482703423,San Diego,38.0941009178424,-102.09848268833524,33.80837951136675,False,13
session_449,station_28,Kia EV6,Tesla Supercharger,2025-04-25 23:10:08,55,57.421965817828465,Houston,26.490633671685526,-108.19753284934988,14.014506057786896,True,23
session_446,station_13,Volkswagen ID.4,Type 2,2025-04-25 23:10:08,88,33.62744572574951,Phoenix,32.174421222858534,-113.33425131913268,24.543844795909934,True,1
session_260,station_30,Ford Mustang Mach-E,Type 2,2025-04-25 23:10:08,92,56.15825502820665,San Francisco,47.02029913901946,-72.70210964386392,17.58071805940222,False,15
session_205,station_19,Kia EV6,CCS,2025-04-25 23:10:08,34,27.01286482709627,New York,28.427124743919236,-85.16817897395676,13.552585675265963,True,9
session_573,station_47,Hyundai Kona Electric,CCS,2025-04-25 23:10:08,20,13.46643921174528,San Diego,32.3130370988647,-122.30931727939975,12.137422489208596,False,23
session_824,station_45,Chevy Bolt,Tesla Supercharger,2025-04-25 23:10:08,118,53.81095982182643,New York,25.679812493023856,-72.03507983218026,14.923822180789411,True,19
session_586,station_1,Volkswagen ID.4,CHAdeMO,2025-04-25 23:10:08,41,45.88279023436424,San Francisco,25.371719762929008,-90.2660446282822,-5.013931023993443,True,23
session_366,station_11,Audi e-tron,CHAdeMO,2025-04-25 23:10:08,101,69.71037752200992,Chicago,35.88756755871792,-85.28371700357619,24.04465035997837,False,11
session_812,station_20,Hyundai Kona Electric,Tesla Supercharger,2025-04-25 23:10:08,107,41.194288427679936,San Antonio,30.464192552569802,-111.43195522749194,30.29569078743949,True,7
session_78,station_36,Ford Mustang Mach-E,CHAdeMO,2025-04-25 23:10:08,52,14.71021351246058,San Diego,43.92423832764595,-81.9794399085269,7.914774540245279,True,2
session_85,station_44,Ford Mustang Mach-E,Tesla Supercharger,2025-04-25 23:10:08,59,72.66356563185181,Dallas,46.60176501698378,-86.8973042046568,3.364844891914432,True,21
session_539,station_35,Chevy Bolt,Tesla Supercharger,2025-04-25 23:10:08,90,43.75242115113592,San Francisco,27.645462715364296,-98.66058056452162,18.883781493228415,False,1
session_83,station_6,Tesla Model 3,CCS,2025-04-25 23:10:08,44,51.99735330745781,Dallas,34.346670205923445,-101.43072232749839,32.40427702625921,True,22
session_458,station_26,Kia EV6,CHAdeMO,2025-04-25 23:10:08,80,34.680267328330416,Dallas,41.02922496241193,-120.4323950040127,24.680712415175478,False,18
session_1138,station_10,Hyundai Kona Electric,Type 2,2025-04-25 23:10:08,19,79.18044177425485,Dallas,43.162853645239466,-88.97758907904958,-6.818591025076822,False,23
session_615,station_31,Rivian R1T,CCS,2025-04-25 23:10:08,57,54.064182733388236,San Diego,32.79558677507859,-83.19655399876629,2.3211546516542096,True,18
session_1186,station_38,Rivian R1T,Tesla Supercharger,2025-04-25 23:10:08,109,30.79720282902366,Philadelphia,27.799967390345053,-93.80864965763871,-1.7146721794102966,False,15
session_1076,station_33,Rivian R1T,Tesla Supercharger,2025-04-25 23:10:08,28,48.26988762999296,New York,25.620134081322817,-90.79187212018167,-8.974698397558832,True,12
