energy_kwh,duration_hours,charging_rate_kw,time_of_day,day_of_week,source
29.9270938664551,1.4666666666666666,350.0,Afternoon,Sunday,dataset_1
11.115214617686329,0.3166666666666666,350.0,Morning,Saturday,dataset_1
20.63696140663545,1.7833333333333334,150.0,Afternoon,Thursday,dataset_1
16.806809774084254,0.7666666666666667,150.0,Morning,Sunday,dataset_1
69.87771381612451,1.6,150.0,Evening,Monday,dataset_1
15.964029794373868,1.9,150.0,Evening,Thursday,dataset_1
68.00438735574014,1.6166666666666667,50.0,Afternoon,Thursday,dataset_1
76.67206716106695,1.1833333333333331,350.0,Evening,Tuesday,dataset_1
45.42834644660522,1.2333333333333334,150.0,Night,Sunday,dataset_1
65.02412206296302,1.95,150.0,Afternoon,Thursday,dataset_1
11.197042794775484,1.6166666666666667,350.0,Afternoon,Thursday,dataset_1
78.6717620275996,0.7166666666666667,150.0,Night,Thursday,dataset_1
24.768159394090244,1.5166666666666666,150.0,Night,Thursday,dataset_1
79.43424232645754,0.25,150.0,Afternoon,Monday,dataset_1
51.599414101053895,1.0333333333333334,50.0,Afternoon,Thursday,dataset_1
52.450563176738115,0.4166666666666667,50.0,Afternoon,Wednesday,dataset_1
49.2570640055364,1.3666666666666667,150.0,Afternoon,Monday,dataset_1
57.16041152741955,0.95,50.0,Night,Monday,dataset_1
65.2941526701014,1.25,50.0,Morning,Monday,dataset_1
17.537256367024888,1.2333333333333334,150.0,Evening,Saturday,dataset_1
57.25589879864007,1.2833333333333334,50.0,Morning,Monday,dataset_1
23.22437320588614,1.2666666666666666,350.0,Night,Friday,dataset_1
20.56066378518443,1.6166666666666667,350.0,Afternoon,Monday,dataset_1
45.693376473052176,0.9333333333333332,50.0,Morning,Sunday,dataset_1
61.20416073234786,1.6666666666666667,350.0,Night,Sunday,dataset_1
71.39361612490521,0.65,150.0,Night,Friday,dataset_1
61.50556367159299,0.25,350.0,Morning,Wednesday,dataset_1
52.2159025184901,1.1,350.0,Night,Wednesday,dataset_1
76.78637820917655,1.9,150.0,Afternoon,Saturday,dataset_1
32.272257123405794,0.8666666666666667,150.0,Morning,Saturday,dataset_1
29.484928090387577,1.3666666666666667,150.0,Morning,Friday,dataset_1
58.38442090638406,1.1333333333333333,50.0,Night,Tuesday,dataset_1
49.45386046924106,0.5833333333333334,350.0,Afternoon,Thursday,dataset_1
51.996761512505955,0.9,350.0,Evening,Thursday,dataset_1
29.09548040175278,1.4666666666666666,350.0,Evening,Friday,dataset_1
20.239237816733315,1.0833333333333333,150.0,Afternoon,Sunday,dataset_1
20.028752037939434,0.6333333333333333,150.0,Night,Sunday,dataset_1
46.00810845980667,0.3666666666666666,350.0,Morning,Monday,dataset_1
66.90124876172564,1.8,150.0,Evening,Monday,dataset_1
12.982270336158424,1.8833333333333333,350.0,Afternoon,Monday,dataset_1
24.425694053641912,1.9833333333333336,350.0,Morning,Friday,dataset_1
29.001640675798075,0.8166666666666667,150.0,Night,Thursday,dataset_1
23.559101943399703,1.0,350.0,Morning,Friday,dataset_1
51.673954877433225,1.6833333333333331,150.0,Evening,Sunday,dataset_1
40.852144531592046,1.2833333333333334,150.0,Morning,Saturday,dataset_1
55.10747150140243,0.4166666666666667,350.0,Afternoon,Saturday,dataset_1
47.09177337060365,0.55,50.0,Afternoon,Saturday,dataset_1
50.30947721144382,0.7333333333333333,150.0,Night,Saturday,dataset_1
61.15971040214738,1.5,50.0,Night,Friday,dataset_1
41.008696197887474,0.4,150.0,Night,Sunday,dataset_1
45.961539167015125,1.7833333333333334,150.0,Morning,Tuesday,dataset_1
11.597499941972604,0.45,50.0,Evening,Monday,dataset_1
27.481265435709407,0.8833333333333333,150.0,Afternoon,Tuesday,dataset_1
26.373620176763335,1.5166666666666666,350.0,Morning,Tuesday,dataset_1
14.508368915191006,1.7,350.0,Afternoon,Sunday,dataset_1
55.305541721379576,0.8,150.0,Night,Tuesday,dataset_1
49.63972708257826,1.7166666666666666,150.0,Evening,Saturday,dataset_1
65.10171657558881,1.5166666666666666,50.0,Afternoon,Saturday,dataset_1
63.98724088674967,0.3666666666666666,350.0,Morning,Thursday,dataset_1
39.589954092127165,0.5666666666666667,150.0,Afternoon,Monday,dataset_1
15.771256492068952,0.9833333333333332,350.0,Morning,Sunday,dataset_1
10.897703473513332,0.9833333333333332,350.0,Evening,Saturday,dataset_1
45.94951352192716,0.8666666666666667,150.0,Afternoon,Thursday,dataset_1
13.781883556142072,1.1666666666666667,50.0,Evening,Saturday,dataset_1
10.13769507935553,1.8333333333333333,350.0,Evening,Tuesday,dataset_1
76.33656792562357,1.0833333333333333,50.0,Evening,Saturday,dataset_1
47.834149959678626,1.0166666666666666,150.0,Night,Thursday,dataset_1
65.018799391035,1.1166666666666667,150.0,Evening,Tuesday,dataset_1
67.44403442108108,0.25,350.0,Afternoon,Saturday,dataset_1
40.87267136967888,1.3333333333333333,350.0,Morning,Tuesday,dataset_1
44.85128760416065,1.7333333333333334,150.0,Morning,Monday,dataset_1
63.31154498939879,1.7,150.0,Night,Tuesday,dataset_1
46.95273040894874,0.5,150.0,Morning,Wednesday,dataset_1
75.08887605635611,0.7666666666666667,150.0,Afternoon,Monday,dataset_1
46.79684552587756,1.5666666666666669,150.0,Evening,Wednesday,dataset_1
38.03041517652245,1.2833333333333334,50.0,Morning,Thursday,dataset_1
70.5011745686202,0.7833333333333333,50.0,Evening,Saturday,dataset_1
67.94359446101245,1.15,50.0,Night,Wednesday,dataset_1
54.52888084151828,0.25,150.0,Morning,Tuesday,dataset_1
56.532550093637674,1.3666666666666667,150.0,Night,Monday,dataset_1
65.00159491760948,0.9833333333333332,50.0,Evening,Saturday,dataset_1
61.909386728446734,1.3,50.0,Night,Friday,dataset_1
23.955637460965303,1.6666666666666667,150.0,Evening,Saturday,dataset_1
42.38718385120253,1.3333333333333333,350.0,Afternoon,Friday,dataset_1
30.407253428759603,1.6,350.0,Night,Monday,dataset_1
37.67179653105496,0.5166666666666667,50.0,Night,Monday,dataset_1
27.814323069493312,0.4666666666666667,150.0,Evening,Thursday,dataset_1
75.44027476207965,1.4833333333333334,350.0,Morning,Tuesday,dataset_1
39.45352034410389,0.2833333333333333,350.0,Evening,Friday,dataset_1
34.510308354015535,1.25,150.0,Evening,Sunday,dataset_1
30.605286084620687,0.4,150.0,Evening,Sunday,dataset_1
63.554520929245385,0.3333333333333333,50.0,Evening,Saturday,dataset_1
18.745640768964147,0.35,350.0,Night,Monday,dataset_1
57.01677195777942,1.7833333333333334,50.0,Afternoon,Friday,dataset_1
26.07677501162069,0.65,350.0,Afternoon,Saturday,dataset_1
74.49281500199758,0.9,150.0,Afternoon,Friday,dataset_1
28.259343697278545,0.4333333333333333,150.0,Afternoon,Tuesday,dataset_1
11.813971051853065,0.5,350.0,Afternoon,Sunday,dataset_1
56.872151269677744,1.65,350.0,Night,Friday,dataset_1
63.22899700173624,1.0,50.0,Night,Thursday,dataset_1
74.45427830965055,1.2833333333333334,150.0,Morning,Friday,dataset_1
28.96527018950785,0.3333333333333333,350.0,Afternoon,Tuesday,dataset_1
62.98032118947153,1.1166666666666667,150.0,Afternoon,Monday,dataset_1
66.52447988304128,1.2166666666666666,50.0,Morning,Saturday,dataset_1
36.97784581816755,1.1833333333333331,50.0,Afternoon,Sunday,dataset_1
52.59683283534804,1.7,50.0,Night,Saturday,dataset_1
43.72204319457802,1.7333333333333334,50.0,Afternoon,Tuesday,dataset_1
63.36312698324812,1.4333333333333331,150.0,Afternoon,Saturday,dataset_1
53.137965013249286,1.4833333333333334,350.0,Afternoon,Friday,dataset_1
42.559321545881744,0.7666666666666667,150.0,Afternoon,Thursday,dataset_1
27.84303928678724,1.15,50.0,Morning,Monday,dataset_1
25.315007239344332,0.6166666666666667,50.0,Night,Thursday,dataset_1
60.686483809884265,0.8333333333333334,50.0,Night,Friday,dataset_1
37.73851241309873,1.0166666666666666,150.0,Morning,Tuesday,dataset_1
76.5673511549723,1.7333333333333334,50.0,Night,Tuesday,dataset_1
57.34544279534581,1.9,350.0,Morning,Wednesday,dataset_1
71.64378356196961,0.55,150.0,Afternoon,Friday,dataset_1
40.85179598138509,0.7333333333333333,350.0,Evening,Thursday,dataset_1
28.03577667746204,0.9833333333333332,50.0,Night,Saturday,dataset_1
50.170808166120175,1.6666666666666667,350.0,Evening,Thursday,dataset_1
14.321491476721576,1.4166666666666667,50.0,Afternoon,Wednesday,dataset_1
14.739358391448295,0.9,50.0,Morning,Friday,dataset_1
26.46316189772677,0.4333333333333333,150.0,Night,Wednesday,dataset_1
51.89701538023041,1.7,350.0,Night,Wednesday,dataset_1
17.43104092140597,0.8666666666666667,350.0,Morning,Wednesday,dataset_1
10.563086326687063,0.8833333333333333,50.0,Morning,Wednesday,dataset_1
66.74716086756905,1.1833333333333331,350.0,Night,Thursday,dataset_1
20.56804456607432,1.9166666666666667,50.0,Night,Friday,dataset_1
60.76711673591963,1.9666666666666663,50.0,Morning,Monday,dataset_1
28.598670799724612,0.6,150.0,Night,Saturday,dataset_1
10.546025032222031,1.6333333333333333,350.0,Morning,Friday,dataset_1
31.43677131237694,1.5166666666666666,50.0,Morning,Tuesday,dataset_1
55.38489400399794,0.7333333333333333,50.0,Morning,Tuesday,dataset_1
26.453628104656367,1.4166666666666667,150.0,Evening,Wednesday,dataset_1
55.99954212366133,1.35,150.0,Afternoon,Saturday,dataset_1
58.20309213706907,0.9666666666666668,150.0,Morning,Friday,dataset_1
42.55839273804869,1.4166666666666667,350.0,Night,Tuesday,dataset_1
24.80553337154952,1.0166666666666666,50.0,Morning,Sunday,dataset_1
76.7717552649291,1.8166666666666669,50.0,Night,Monday,dataset_1
42.82463704672833,1.9,350.0,Afternoon,Monday,dataset_1
23.05173109491097,1.6166666666666667,50.0,Morning,Tuesday,dataset_1
64.8201312114155,0.5333333333333333,150.0,Night,Saturday,dataset_1
34.9740549606816,1.9333333333333331,350.0,Morning,Sunday,dataset_1
74.60837160637317,0.9666666666666668,50.0,Night,Saturday,dataset_1
51.114351235569835,1.0833333333333333,150.0,Afternoon,Friday,dataset_1
15.948302764297049,1.45,150.0,Evening,Saturday,dataset_1
62.92651019052458,1.65,50.0,Morning,Monday,dataset_1
39.8405893522743,1.7666666666666666,350.0,Evening,Saturday,dataset_1
59.3981828184212,1.8666666666666667,350.0,Morning,Wednesday,dataset_1
23.80836734252584,1.3166666666666669,50.0,Night,Wednesday,dataset_1
74.51362721617713,0.6333333333333333,50.0,Night,Tuesday,dataset_1
70.43577122666082,0.8,50.0,Evening,Saturday,dataset_1
58.30768309709075,1.2833333333333334,350.0,Morning,Friday,dataset_1
45.17450618857432,1.1166666666666667,350.0,Morning,Monday,dataset_1
35.6946187837668,1.4,150.0,Morning,Thursday,dataset_1
61.63052967041405,0.5166666666666667,50.0,Evening,Friday,dataset_1
42.93518453871637,1.6333333333333333,350.0,Afternoon,Saturday,dataset_1
71.46012880319606,1.5833333333333333,150.0,Morning,Saturday,dataset_1
60.43105348966744,1.0,350.0,Night,Thursday,dataset_1
36.64878110955969,0.65,350.0,Evening,Wednesday,dataset_1
26.674984746398344,0.8666666666666667,50.0,Evening,Thursday,dataset_1
34.83641170783425,1.95,150.0,Night,Saturday,dataset_1
27.501570442551415,1.4,150.0,Morning,Tuesday,dataset_1
52.79740415234192,1.95,50.0,Evening,Thursday,dataset_1
59.40840267526541,1.4333333333333331,150.0,Afternoon,Monday,dataset_1
34.43674240994279,0.3,150.0,Morning,Monday,dataset_1
24.097657348842528,1.9666666666666663,150.0,Evening,Saturday,dataset_1
57.34306463638952,1.3,50.0,Afternoon,Sunday,dataset_1
34.202816520163935,0.4833333333333333,150.0,Evening,Sunday,dataset_1
51.140483736299714,1.4,150.0,Evening,Wednesday,dataset_1
67.89122696469433,0.65,50.0,Night,Monday,dataset_1
26.212582408126675,1.6166666666666667,350.0,Night,Tuesday,dataset_1
73.06231387353878,1.4333333333333331,150.0,Morning,Thursday,dataset_1
54.76703230013468,1.3,50.0,Evening,Monday,dataset_1
13.481545963360402,1.3166666666666669,50.0,Evening,Tuesday,dataset_1
19.33587927992235,0.7166666666666667,50.0,Night,Monday,dataset_1
32.53680352938534,0.4833333333333333,150.0,Afternoon,Monday,dataset_1
11.15882510002169,0.4,150.0,Morning,Monday,dataset_1
13.43892256514214,1.2,150.0,Morning,Friday,dataset_1
51.714214703720984,1.1166666666666667,150.0,Afternoon,Wednesday,dataset_1
24.751589083953235,0.7333333333333333,50.0,Morning,Thursday,dataset_1
53.86969857721734,1.2,150.0,Morning,Monday,dataset_1
25.94310856450605,0.4666666666666667,150.0,Afternoon,Thursday,dataset_1
76.17407333010239,0.4666666666666667,150.0,Night,Wednesday,dataset_1
53.720857279522384,0.6166666666666667,50.0,Morning,Monday,dataset_1
57.88008785061302,1.8833333333333333,50.0,Night,Thursday,dataset_1
73.13590523969026,0.3666666666666666,350.0,Afternoon,Thursday,dataset_1
56.70749886048708,1.7166666666666666,50.0,Morning,Saturday,dataset_1
54.63539267114355,0.25,50.0,Night,Thursday,dataset_1
58.67580309396473,1.1,150.0,Evening,Wednesday,dataset_1
17.85473506114488,1.8833333333333333,350.0,Evening,Wednesday,dataset_1
60.94852291447392,0.65,50.0,Afternoon,Monday,dataset_1
11.47946916115936,0.6,350.0,Night,Monday,dataset_1
48.529067722086594,0.85,350.0,Evening,Wednesday,dataset_1
31.117726972495255,0.5833333333333334,50.0,Morning,Friday,dataset_1
36.06972403784248,0.9833333333333332,150.0,Afternoon,Wednesday,dataset_1
66.18272381253904,0.3166666666666666,150.0,Morning,Saturday,dataset_1
48.55433031779292,0.4666666666666667,350.0,Afternoon,Friday,dataset_1
68.36622169603153,1.15,350.0,Morning,Monday,dataset_1
48.970710622789426,0.95,350.0,Morning,Tuesday,dataset_1
17.111727025575902,0.75,50.0,Morning,Friday,dataset_1
37.70146063270663,0.55,50.0,Afternoon,Friday,dataset_1
36.26319096265016,1.2333333333333334,350.0,Night,Sunday,dataset_1
32.8733176748232,0.5666666666666667,150.0,Afternoon,Friday,dataset_1
37.37152793558022,1.8333333333333333,150.0,Night,Wednesday,dataset_1
71.44367831702804,1.1833333333333331,50.0,Evening,Friday,dataset_1
51.39115784373512,0.8833333333333333,50.0,Evening,Thursday,dataset_1
68.6496112304064,1.5,50.0,Morning,Sunday,dataset_1
55.97883998713643,0.9333333333333332,150.0,Evening,Sunday,dataset_1
79.9434111322576,0.6666666666666666,350.0,Night,Tuesday,dataset_1
53.77956024676588,0.9666666666666668,50.0,Morning,Tuesday,dataset_1
79.73541252724486,1.1,150.0,Evening,Monday,dataset_1
25.182400217011477,1.3666666666666667,50.0,Evening,Sunday,dataset_1
74.7775065574662,0.8,350.0,Night,Sunday,dataset_1
31.93094335275222,1.4166666666666667,150.0,Evening,Saturday,dataset_1
24.39448069590365,1.3833333333333333,150.0,Afternoon,Monday,dataset_1
62.9806100542863,1.4666666666666666,50.0,Morning,Monday,dataset_1
61.98310761601049,1.2,150.0,Morning,Saturday,dataset_1
63.69331613441724,1.2333333333333334,350.0,Evening,Wednesday,dataset_1
30.59454235236645,0.4166666666666667,150.0,Afternoon,Saturday,dataset_1
30.995742497504143,1.9166666666666667,150.0,Morning,Monday,dataset_1
70.61924620791561,0.7166666666666667,150.0,Night,Wednesday,dataset_1
49.00018252558362,0.3333333333333333,150.0,Night,Wednesday,dataset_1
12.672218815251725,1.6166666666666667,50.0,Morning,Sunday,dataset_1
12.160554363416448,1.7833333333333334,350.0,Evening,Saturday,dataset_1
36.068402809934454,1.7666666666666666,50.0,Evening,Tuesday,dataset_1
50.38456798191365,0.5333333333333333,150.0,Evening,Thursday,dataset_1
55.58803332145616,0.6166666666666667,350.0,Afternoon,Monday,dataset_1
55.37281332761681,1.1666666666666667,150.0,Afternoon,Saturday,dataset_1
10.638150097982312,0.75,50.0,Morning,Wednesday,dataset_1
78.66599028265298,1.9166666666666667,50.0,Afternoon,Wednesday,dataset_1
18.48780249717258,1.7166666666666666,50.0,Night,Thursday,dataset_1
34.09878610521946,0.9,150.0,Afternoon,Saturday,dataset_1
38.95669532739909,1.45,350.0,Night,Wednesday,dataset_1
34.10115631519571,1.8666666666666667,350.0,Night,Tuesday,dataset_1
79.65310230942256,1.4666666666666666,150.0,Night,Tuesday,dataset_1
49.01507157272999,1.9333333333333331,50.0,Afternoon,Tuesday,dataset_1
70.02600536991139,1.75,50.0,Afternoon,Thursday,dataset_1
20.661076977782052,2.0,50.0,Evening,Wednesday,dataset_1
49.91616488889157,1.6833333333333331,350.0,Afternoon,Sunday,dataset_1
13.673610726171194,1.6333333333333333,350.0,Afternoon,Saturday,dataset_1
38.62431958302092,1.3,150.0,Afternoon,Thursday,dataset_1
54.93582707693079,1.7,150.0,Night,Wednesday,dataset_1
59.06676852423801,1.6,150.0,Night,Monday,dataset_1
54.89733141816162,0.3333333333333333,50.0,Evening,Monday,dataset_1
75.01027070286676,0.5333333333333333,50.0,Night,Wednesday,dataset_1
77.87598054875785,0.3666666666666666,150.0,Night,Wednesday,dataset_1
21.627758422199392,0.5,350.0,Night,Saturday,dataset_1
66.13904595600076,1.9,150.0,Morning,Wednesday,dataset_1
18.571855536729736,1.7666666666666666,150.0,Afternoon,Wednesday,dataset_1
58.439847059776206,1.95,150.0,Evening,Monday,dataset_1
72.86437550924043,0.25,350.0,Morning,Thursday,dataset_1
34.807637976688724,0.65,50.0,Morning,Friday,dataset_1
14.817536207413896,1.05,350.0,Morning,Monday,dataset_1
46.76817593597157,1.6333333333333333,150.0,Morning,Friday,dataset_1
34.184430568697934,0.7333333333333333,350.0,Morning,Thursday,dataset_1
69.4092077306243,1.3,150.0,Afternoon,Thursday,dataset_1
23.658788238232543,0.45,350.0,Evening,Saturday,dataset_1
61.954305750328665,0.75,150.0,Morning,Monday,dataset_1
72.62651298590595,0.4166666666666667,50.0,Night,Saturday,dataset_1
15.349377890532168,0.8666666666666667,50.0,Night,Monday,dataset_1
34.9866433544397,0.6166666666666667,350.0,Afternoon,Friday,dataset_1
37.25331258908102,1.9833333333333336,50.0,Night,Tuesday,dataset_1
64.75920945960758,0.5333333333333333,350.0,Night,Wednesday,dataset_1
14.824561932007429,1.15,150.0,Evening,Wednesday,dataset_1
49.439929416732994,1.6,150.0,Night,Saturday,dataset_1
16.63990068448355,0.8833333333333333,350.0,Morning,Tuesday,dataset_1
19.206096857287964,0.6166666666666667,350.0,Morning,Sunday,dataset_1
39.06945536703555,1.9166666666666667,150.0,Night,Thursday,dataset_1
69.01548365329435,1.2666666666666666,50.0,Afternoon,Thursday,dataset_1
49.52518950744138,1.7833333333333334,350.0,Morning,Thursday,dataset_1
49.25384826501074,1.8333333333333333,150.0,Night,Monday,dataset_1
70.36105518889792,1.2166666666666666,50.0,Evening,Wednesday,dataset_1
36.94588243237773,0.2666666666666666,50.0,Night,Wednesday,dataset_1
62.758929628674515,0.3333333333333333,50.0,Night,Wednesday,dataset_1
34.994643380849546,0.3,50.0,Night,Wednesday,dataset_1
75.22598288247795,0.4166666666666667,50.0,Night,Monday,dataset_1
42.354818487817234,1.7833333333333334,350.0,Afternoon,Thursday,dataset_1
70.05579080115893,0.55,50.0,Morning,Monday,dataset_1
37.50531581395872,0.3666666666666666,350.0,Afternoon,Wednesday,dataset_1
57.835237145911314,1.0333333333333334,350.0,Afternoon,Saturday,dataset_1
42.21597644399662,0.95,350.0,Afternoon,Tuesday,dataset_1
53.57631122072005,1.3,50.0,Afternoon,Wednesday,dataset_1
67.42491699567364,0.3333333333333333,150.0,Evening,Saturday,dataset_1
74.10885243329444,1.5166666666666666,150.0,Night,Wednesday,dataset_1
51.39513167584684,0.8666666666666667,150.0,Evening,Tuesday,dataset_1
34.90672222822657,1.25,350.0,Morning,Thursday,dataset_1
47.7196055366526,1.4333333333333331,350.0,Evening,Tuesday,dataset_1
57.817149365934995,1.4,150.0,Afternoon,Tuesday,dataset_1
67.4445124023946,1.65,350.0,Night,Tuesday,dataset_1
43.36648648944577,0.3833333333333333,150.0,Evening,Saturday,dataset_1
59.27680395336544,0.9833333333333332,350.0,Evening,Sunday,dataset_1
12.279865477328435,1.5833333333333333,150.0,Night,Saturday,dataset_1
73.95896403073635,1.4333333333333331,50.0,Afternoon,Friday,dataset_1
29.74867107355796,1.9166666666666667,350.0,Morning,Tuesday,dataset_1
60.312499542678225,1.3333333333333333,50.0,Night,Monday,dataset_1
36.41143087207126,0.8,350.0,Morning,Thursday,dataset_1
53.611132431556086,1.7333333333333334,350.0,Night,Friday,dataset_1
78.44487202287885,0.4333333333333333,50.0,Morning,Friday,dataset_1
42.17481199304766,1.4166666666666667,50.0,Afternoon,Saturday,dataset_1
44.56699545604433,1.6,150.0,Night,Thursday,dataset_1
61.53175553080144,1.05,350.0,Afternoon,Thursday,dataset_1
67.54159268973524,0.9833333333333332,150.0,Evening,Monday,dataset_1
71.04100627502379,0.8333333333333334,50.0,Night,Friday,dataset_1
21.761868084378474,0.65,350.0,Evening,Monday,dataset_1
58.692872973537376,1.5833333333333333,150.0,Morning,Saturday,dataset_1
18.535953109100184,0.4666666666666667,50.0,Evening,Friday,dataset_1
10.544137188261628,0.4333333333333333,150.0,Afternoon,Monday,dataset_1
20.39709222404228,1.9666666666666663,50.0,Morning,Friday,dataset_1
54.30556647692238,0.55,150.0,Evening,Saturday,dataset_1
12.132854480611709,0.45,350.0,Night,Friday,dataset_1
27.71476871488482,1.4333333333333331,50.0,Morning,Wednesday,dataset_1
10.588545097883674,0.7333333333333333,150.0,Evening,Friday,dataset_1
20.336848444034,0.5666666666666667,350.0,Morning,Tuesday,dataset_1
56.89336166853947,1.2166666666666666,350.0,Evening,Monday,dataset_1
44.76508819661704,1.0166666666666666,50.0,Night,Monday,dataset_1
75.92985372201399,0.55,350.0,Afternoon,Monday,dataset_1
21.04988829077891,1.9833333333333336,150.0,Morning,Friday,dataset_1
49.12466138878168,1.4666666666666666,350.0,Evening,Friday,dataset_1
13.874851207072744,1.2666666666666666,50.0,Morning,Tuesday,dataset_1
65.37838762760731,1.7166666666666666,50.0,Night,Sunday,dataset_1
13.676397545678237,0.9166666666666666,150.0,Morning,Sunday,dataset_1
15.29596014720616,0.4333333333333333,350.0,Evening,Sunday,dataset_1
13.273824371452148,0.7666666666666667,50.0,Evening,Friday,dataset_1
46.36998612626124,1.5833333333333333,350.0,Afternoon,Saturday,dataset_1
24.132471506219577,1.65,350.0,Afternoon,Tuesday,dataset_1
33.84716252017774,1.4833333333333334,50.0,Afternoon,Sunday,dataset_1
23.91124806500023,1.15,350.0,Afternoon,Saturday,dataset_1
10.978531963425048,1.9333333333333331,50.0,Morning,Wednesday,dataset_1
14.709208216289314,1.2666666666666666,350.0,Afternoon,Friday,dataset_1
25.938565564902653,1.3666666666666667,50.0,Afternoon,Friday,dataset_1
50.74308827055512,1.9666666666666663,50.0,Afternoon,Saturday,dataset_1
29.817279775659248,0.6666666666666666,150.0,Evening,Monday,dataset_1
60.147772486922086,0.55,150.0,Night,Sunday,dataset_1
67.45594023914714,0.4166666666666667,50.0,Evening,Friday,dataset_1
51.05728048806671,1.6166666666666667,150.0,Night,Friday,dataset_1
70.69879557447584,1.15,350.0,Morning,Sunday,dataset_1
24.71404778707848,1.5666666666666669,350.0,Night,Sunday,dataset_1
57.03686693351046,0.7166666666666667,50.0,Afternoon,Friday,dataset_1
19.33179982873358,1.0,150.0,Night,Tuesday,dataset_1
71.32821465473458,1.0166666666666666,150.0,Morning,Friday,dataset_1
32.401145732109654,0.8666666666666667,150.0,Night,Wednesday,dataset_1
18.75715157937799,2.0,150.0,Night,Sunday,dataset_1
37.28605966084453,1.3,150.0,Night,Monday,dataset_1
46.588972397266666,0.4666666666666667,50.0,Morning,Friday,dataset_1
43.817198068222616,0.9166666666666666,350.0,Night,Saturday,dataset_1
58.3684074742497,1.6333333333333333,50.0,Morning,Sunday,dataset_1
20.11364563772686,0.85,150.0,Night,Friday,dataset_1
70.44916927992949,1.9,50.0,Night,Friday,dataset_1
68.86269087010106,0.6666666666666666,50.0,Evening,Wednesday,dataset_1
30.759839729071093,1.8333333333333333,50.0,Afternoon,Thursday,dataset_1
37.46110547375627,1.7666666666666666,150.0,Night,Monday,dataset_1
17.367935987421752,0.4,50.0,Evening,Friday,dataset_1
11.764447417956935,0.85,50.0,Morning,Saturday,dataset_1
46.0483530265942,1.8333333333333333,350.0,Afternoon,Saturday,dataset_1
59.55703669929749,1.9666666666666663,350.0,Afternoon,Sunday,dataset_1
37.278635258308256,1.95,350.0,Night,Sunday,dataset_1
61.27959692896911,1.1166666666666667,50.0,Night,Sunday,dataset_1
39.21731085236238,1.6,150.0,Afternoon,Sunday,dataset_1
73.70470735732337,1.3666666666666667,350.0,Afternoon,Saturday,dataset_1
17.90888618559275,0.5833333333333334,350.0,Evening,Thursday,dataset_1
47.2486242045124,0.4666666666666667,350.0,Evening,Sunday,dataset_1
47.12525283732464,1.1333333333333333,50.0,Morning,Saturday,dataset_1
30.585741855196098,1.7333333333333334,350.0,Morning,Thursday,dataset_1
39.95688845881283,1.8166666666666669,150.0,Night,Sunday,dataset_1
25.924378260512547,1.6666666666666667,350.0,Morning,Wednesday,dataset_1
16.38595046266385,1.4166666666666667,350.0,Evening,Saturday,dataset_1
66.38491558767834,1.8833333333333333,350.0,Evening,Tuesday,dataset_1
31.4246116320864,1.05,350.0,Afternoon,Saturday,dataset_1
41.693542246537376,1.95,350.0,Afternoon,Sunday,dataset_1
59.62959757559393,1.95,150.0,Morning,Saturday,dataset_1
73.24024196116119,0.3166666666666666,350.0,Night,Friday,dataset_1
38.121430253142144,0.9833333333333332,350.0,Morning,Tuesday,dataset_1
62.69010051546523,1.8,150.0,Night,Thursday,dataset_1
19.33816331198821,0.2833333333333333,150.0,Evening,Sunday,dataset_1
79.75783693560933,0.6833333333333333,50.0,Night,Monday,dataset_1
48.759930652283224,1.2,50.0,Night,Thursday,dataset_1
23.516470745229775,0.3333333333333333,350.0,Night,Thursday,dataset_1
56.077390976024,0.3666666666666666,50.0,Evening,Friday,dataset_1
31.705325026925763,1.4,50.0,Night,Tuesday,dataset_1
60.430458280380805,1.2666666666666666,50.0,Morning,Friday,dataset_1
28.638474743127652,1.05,150.0,Evening,Sunday,dataset_1
43.09507939279752,1.85,350.0,Afternoon,Friday,dataset_1
74.56908473427066,1.9666666666666663,50.0,Evening,Friday,dataset_1
21.930582939668614,0.6333333333333333,350.0,Evening,Monday,dataset_1
46.68633259647461,1.3,150.0,Afternoon,Wednesday,dataset_1
58.49407632347582,0.4333333333333333,150.0,Afternoon,Sunday,dataset_1
68.41794161196314,1.7333333333333334,50.0,Morning,Saturday,dataset_1
33.567048726338015,1.1166666666666667,150.0,Night,Wednesday,dataset_1
58.85678493449949,1.6333333333333333,150.0,Evening,Monday,dataset_1
70.66969764045805,0.6666666666666666,50.0,Night,Friday,dataset_1
14.412516008494784,0.5166666666666667,150.0,Afternoon,Tuesday,dataset_1
25.27712265045764,0.6166666666666667,50.0,Afternoon,Thursday,dataset_1
48.73845711055428,1.5666666666666669,150.0,Morning,Thursday,dataset_1
19.327770084278217,0.7166666666666667,150.0,Afternoon,Sunday,dataset_1
78.92824312452487,0.6333333333333333,150.0,Night,Wednesday,dataset_1
42.48986418483831,0.5333333333333333,350.0,Afternoon,Monday,dataset_1
46.43190826717293,1.7833333333333334,150.0,Afternoon,Saturday,dataset_1
79.82118400271283,1.85,350.0,Morning,Thursday,dataset_1
54.729725754215856,0.55,350.0,Morning,Tuesday,dataset_1
60.96445831014011,0.3166666666666666,50.0,Night,Friday,dataset_1
24.744692631230382,1.3,150.0,Morning,Wednesday,dataset_1
76.15864934823922,1.7,50.0,Morning,Sunday,dataset_1
63.0132869841263,1.2666666666666666,150.0,Evening,Monday,dataset_1
34.12591887317569,1.3666666666666667,50.0,Evening,Tuesday,dataset_1
72.97615682603251,1.8333333333333333,350.0,Evening,Friday,dataset_1
67.2881229639961,0.4833333333333333,350.0,Evening,Wednesday,dataset_1
78.02336323520332,0.65,150.0,Evening,Tuesday,dataset_1
28.62921986091557,0.85,350.0,Afternoon,Sunday,dataset_1
43.83748039275217,1.3,50.0,Morning,Saturday,dataset_1
67.14435523029945,1.85,350.0,Afternoon,Saturday,dataset_1
18.677905865721826,1.1,350.0,Morning,Monday,dataset_1
60.29069835421822,0.5833333333333334,50.0,Night,Wednesday,dataset_1
34.33379198387587,0.9,350.0,Evening,Monday,dataset_1
38.46692266916384,0.6,350.0,Evening,Monday,dataset_1
45.56275974279824,1.6,50.0,Afternoon,Sunday,dataset_1
41.13490557054075,0.3,350.0,Evening,Thursday,dataset_1
42.97256847352153,1.65,50.0,Night,Wednesday,dataset_1
43.37645709027637,1.9833333333333336,50.0,Morning,Saturday,dataset_1
18.331392579698715,0.6,150.0,Afternoon,Friday,dataset_1
16.210622093171878,1.8166666666666669,350.0,Night,Wednesday,dataset_1
13.012496728728763,0.85,350.0,Night,Friday,dataset_1
74.21087468035988,0.7,50.0,Evening,Saturday,dataset_1
76.39257653715221,0.3333333333333333,150.0,Afternoon,Saturday,dataset_1
37.46453213845551,1.4,50.0,Night,Monday,dataset_1
76.1625899398557,1.2833333333333334,350.0,Night,Tuesday,dataset_1
74.1015288995939,1.6666666666666667,50.0,Morning,Tuesday,dataset_1
24.32383884026697,0.95,350.0,Evening,Friday,dataset_1
28.73624873005736,1.55,350.0,Morning,Wednesday,dataset_1
13.037519855690498,1.1333333333333333,350.0,Afternoon,Thursday,dataset_1
68.05551004863709,1.9666666666666663,350.0,Morning,Monday,dataset_1
53.52668055566779,1.7333333333333334,50.0,Evening,Sunday,dataset_1
77.6568136775935,1.8,150.0,Evening,Tuesday,dataset_1
77.31461829339365,1.6833333333333331,50.0,Afternoon,Sunday,dataset_1
76.63113697978915,0.9166666666666666,150.0,Afternoon,Monday,dataset_1
69.17578681407275,0.6833333333333333,50.0,Afternoon,Thursday,dataset_1
24.04440229456005,1.3666666666666667,50.0,Morning,Tuesday,dataset_1
28.161120233911216,1.3666666666666667,350.0,Night,Thursday,dataset_1
50.05926811905631,1.7666666666666666,150.0,Evening,Sunday,dataset_1
23.665342403193463,0.5333333333333333,150.0,Night,Sunday,dataset_1
28.775939579309274,1.1,350.0,Night,Sunday,dataset_1
70.74701251715234,1.4666666666666666,150.0,Afternoon,Sunday,dataset_1
20.22616034031222,0.7833333333333333,50.0,Afternoon,Thursday,dataset_1
24.109126669852177,1.75,350.0,Morning,Monday,dataset_1
41.11918057620058,1.0,350.0,Night,Monday,dataset_1
58.35440486349236,1.7666666666666666,50.0,Afternoon,Saturday,dataset_1
31.776869580516394,0.4833333333333333,150.0,Evening,Saturday,dataset_1
64.81444789030337,1.2166666666666666,350.0,Night,Tuesday,dataset_1
31.398409443692284,1.3666666666666667,50.0,Morning,Thursday,dataset_1
36.47398827343495,1.6,150.0,Evening,Tuesday,dataset_1
25.541197321773904,1.2,50.0,Evening,Tuesday,dataset_1
22.072759794649667,1.1833333333333331,150.0,Afternoon,Monday,dataset_1
75.47087749532493,1.0166666666666666,350.0,Night,Friday,dataset_1
29.618778546340156,1.9,50.0,Morning,Friday,dataset_1
30.349876986053346,0.3333333333333333,150.0,Afternoon,Thursday,dataset_1
68.47166940732612,0.4666666666666667,50.0,Morning,Saturday,dataset_1
72.89390981987422,0.7333333333333333,350.0,Morning,Monday,dataset_1
10.097581266234007,1.3,150.0,Afternoon,Thursday,dataset_1
43.30485205462954,1.4333333333333331,150.0,Afternoon,Saturday,dataset_1
50.91296151231414,1.1833333333333331,50.0,Night,Wednesday,dataset_1
73.90184073429691,0.8166666666666667,350.0,Night,Saturday,dataset_1
66.93506990665776,1.4,150.0,Morning,Saturday,dataset_1
44.00011518756477,1.5833333333333333,50.0,Afternoon,Wednesday,dataset_1
65.88511745722305,1.4333333333333331,150.0,Night,Saturday,dataset_1
50.27479218931171,1.8,350.0,Morning,Wednesday,dataset_1
69.4244436820419,0.35,150.0,Afternoon,Sunday,dataset_1
11.947287871121963,0.6833333333333333,150.0,Afternoon,Tuesday,dataset_1
55.45492314152558,1.3833333333333333,50.0,Morning,Sunday,dataset_1
48.33246237686941,0.4666666666666667,50.0,Morning,Monday,dataset_1
15.53281692005572,1.6833333333333331,350.0,Night,Sunday,dataset_1
53.13208864384201,0.3833333333333333,50.0,Night,Thursday,dataset_1
63.14796757609115,1.35,50.0,Morning,Monday,dataset_1
25.64647048682955,1.3833333333333333,350.0,Evening,Saturday,dataset_1
11.156446480578069,1.4666666666666666,50.0,Night,Thursday,dataset_1
48.39964017092468,0.6666666666666666,150.0,Night,Sunday,dataset_1
41.60653647505394,1.6166666666666667,350.0,Night,Saturday,dataset_1
56.406289369757665,1.9,50.0,Night,Friday,dataset_1
31.358563660939847,0.7,50.0,Afternoon,Thursday,dataset_1
75.64105957104705,0.6666666666666666,350.0,Night,Thursday,dataset_1
20.146326193027697,0.5,150.0,Evening,Monday,dataset_1
14.047739871886986,1.5,150.0,Night,Sunday,dataset_1
45.35391074822236,1.2833333333333334,350.0,Afternoon,Wednesday,dataset_1
21.00834322851335,0.3333333333333333,50.0,Evening,Tuesday,dataset_1
10.500674809748965,1.1333333333333333,350.0,Evening,Tuesday,dataset_1
35.4573438518986,0.4333333333333333,150.0,Afternoon,Thursday,dataset_1
31.56729927003636,0.7,350.0,Evening,Wednesday,dataset_1
62.643313183037925,0.5666666666666667,150.0,Morning,Thursday,dataset_1
43.48442147385173,1.4666666666666666,50.0,Evening,Friday,dataset_1
45.81564847013745,0.5166666666666667,350.0,Evening,Sunday,dataset_1
59.44992456513444,1.0833333333333333,50.0,Night,Monday,dataset_1
11.634061907949624,1.0666666666666669,150.0,Morning,Sunday,dataset_1
24.13637800079933,0.8833333333333333,350.0,Afternoon,Sunday,dataset_1
40.805874813122145,1.6166666666666667,150.0,Morning,Tuesday,dataset_1
45.60075695578473,0.9333333333333332,350.0,Evening,Friday,dataset_1
79.51417262492882,0.45,350.0,Night,Thursday,dataset_1
73.92840437011775,1.1166666666666667,350.0,Evening,Wednesday,dataset_1
18.334201050047906,1.8833333333333333,50.0,Evening,Wednesday,dataset_1
18.287159108800445,1.6,150.0,Night,Thursday,dataset_1
30.17604118272834,0.9833333333333332,350.0,Afternoon,Monday,dataset_1
69.68279030990254,1.25,50.0,Night,Saturday,dataset_1
53.34159809536941,,,,,dataset_2
10.164191386718134,,,,,dataset_2
73.99554690012478,,,,,dataset_2
26.430755652678116,,,,,dataset_2
25.040781229633694,,,,,dataset_2
76.28748594120383,,,,,dataset_2
20.584883300999476,,,,,dataset_2
76.82430541355399,,,,,dataset_2
68.89962497135107,,,,,dataset_2
49.56684036660531,,,,,dataset_2
12.70045184405592,,,,,dataset_2
31.57486158045198,,,,,dataset_2
48.25325558975407,,,,,dataset_2
40.714167323226285,,,,,dataset_2
77.25323414511281,,,,,dataset_2
63.554932316687875,,,,,dataset_2
35.79320548586523,,,,,dataset_2
25.79649947534828,,,,,dataset_2
59.39691182639532,,,,,dataset_2
70.32782643656239,,,,,dataset_2
44.97710670059181,,,,,dataset_2
32.20861142624747,,,,,dataset_2
41.387267058664655,,,,,dataset_2
49.79253811750068,,,,,dataset_2
16.594875629253035,,,,,dataset_2
53.8618064195421,,,,,dataset_2
19.479316126424457,,,,,dataset_2
70.84931606271715,,,,,dataset_2
38.004244744745186,,,,,dataset_2
63.02018800546201,,,,,dataset_2
44.79566390539665,,,,,dataset_2
49.935314846840285,,,,,dataset_2
76.23723773272265,,,,,dataset_2
56.08632603072257,,,,,dataset_2
76.14700195769078,,,,,dataset_2
35.36887182748112,,,,,dataset_2
73.49858807600455,,,,,dataset_2
49.6783978601239,,,,,dataset_2
19.89087626639126,,,,,dataset_2
35.469839593149075,,,,,dataset_2
44.68920184991765,,,,,dataset_2
58.53169818186148,,,,,dataset_2
30.90955677130798,,,,,dataset_2
59.790832415128335,,,,,dataset_2
67.03704864838463,,,,,dataset_2
58.31637485019917,,,,,dataset_2
72.22873681296856,,,,,dataset_2
69.21903160832723,,,,,dataset_2
68.05040044146976,,,,,dataset_2
69.69746504785445,,,,,dataset_2
56.34333049508869,,,,,dataset_2
23.903148187554898,,,,,dataset_2
32.56219724960084,,,,,dataset_2
50.579366434864994,,,,,dataset_2
12.447321191325567,,,,,dataset_2
10.386494277748389,,,,,dataset_2
58.491360374674905,,,,,dataset_2
25.990569697845984,,,,,dataset_2
63.34505137999569,,,,,dataset_2
25.404612996467733,,,,,dataset_2
63.64472520782792,,,,,dataset_2
29.579099555611243,,,,,dataset_2
74.55541471395011,,,,,dataset_2
49.908218074793645,,,,,dataset_2
55.1590303773525,,,,,dataset_2
18.739258042381053,,,,,dataset_2
12.453606366042234,,,,,dataset_2
12.420787833877252,,,,,dataset_2
13.564169508498743,,,,,dataset_2
38.66256002738834,,,,,dataset_2
79.2490020391758,,,,,dataset_2
38.66293616344669,,,,,dataset_2
76.46096666800454,,,,,dataset_2
16.043807619116077,,,,,dataset_2
37.0837501695627,,,,,dataset_2
28.536333129509668,,,,,dataset_2
69.74726816132873,,,,,dataset_2
78.00428158505528,,,,,dataset_2
38.68707615496831,,,,,dataset_2
49.39950746686694,,,,,dataset_2
44.88834017331017,,,,,dataset_2
64.24330222008658,,,,,dataset_2
59.46623978161471,,,,,dataset_2
76.96010409131418,,,,,dataset_2
51.18525413784318,,,,,dataset_2
19.559531638285343,,,,,dataset_2
44.55706934108969,,,,,dataset_2
54.25391805255163,,,,,dataset_2
60.191503036251675,,,,,dataset_2
49.5649084780837,,,,,dataset_2
41.96801823438594,,,,,dataset_2
65.9059941160242,,,,,dataset_2
28.100284370820887,,,,,dataset_2
23.669609777356374,,,,,dataset_2
45.405725505291294,,,,,dataset_2
37.43238354644261,,,,,dataset_2
11.768568420479662,,,,,dataset_2
44.50850036257437,,,,,dataset_2
51.52071498234591,,,,,dataset_2
62.79690210635738,,,,,dataset_2
55.67341451611959,,,,,dataset_2
15.62409969916727,,,,,dataset_2
37.54239762132704,,,,,dataset_2
16.898151923366694,,,,,dataset_2
73.73440144008157,,,,,dataset_2
51.207734877505985,,,,,dataset_2
31.51306947625393,,,,,dataset_2
21.456786996368713,,,,,dataset_2
28.94805703462408,,,,,dataset_2
45.16408308860383,,,,,dataset_2
74.05308484109295,,,,,dataset_2
24.978978936436356,,,,,dataset_2
59.84958347762296,,,,,dataset_2
50.24518001106806,,,,,dataset_2
65.30847434157036,,,,,dataset_2
60.848784847637056,,,,,dataset_2
63.290277427079495,,,,,dataset_2
41.05842632576659,,,,,dataset_2
24.51578502957104,,,,,dataset_2
21.694472787391017,,,,,dataset_2
72.53550228781995,,,,,dataset_2
68.96099394972502,,,,,dataset_2
58.11303982355152,,,,,dataset_2
18.38338617012121,,,,,dataset_2
70.16886687330991,,,,,dataset_2
68.1779092812005,,,,,dataset_2
43.159913990760664,,,,,dataset_2
31.46432285745129,,,,,dataset_2
37.720338937751094,,,,,dataset_2
15.292870726384688,,,,,dataset_2
29.352199948957654,,,,,dataset_2
77.30438465180706,,,,,dataset_2
60.152650599150235,,,,,dataset_2
13.65854391220885,,,,,dataset_2
43.98035959110535,,,,,dataset_2
46.24639146948492,,,,,dataset_2
13.931695003765572,,,,,dataset_2
46.45071522428346,,,,,dataset_2
26.141194704802732,,,,,dataset_2
34.9241484167498,,,,,dataset_2
65.26260247994657,,,,,dataset_2
52.84383825168182,,,,,dataset_2
75.29369764364228,,,,,dataset_2
79.49606653461781,,,,,dataset_2
62.84003655640956,,,,,dataset_2
19.350285929584672,,,,,dataset_2
42.32787848589341,,,,,dataset_2
13.199552400739371,,,,,dataset_2
31.466734644751245,,,,,dataset_2
25.831468918029937,,,,,dataset_2
78.48745997688115,,,,,dataset_2
33.72255979034747,,,,,dataset_2
64.5704627095227,,,,,dataset_2
44.49618728704848,,,,,dataset_2
17.006896594156476,,,,,dataset_2
47.287194935821674,,,,,dataset_2
65.92273239555448,,,,,dataset_2
65.44444420184706,,,,,dataset_2
41.937047287437245,,,,,dataset_2
69.87676192060376,,,,,dataset_2
56.54717884315303,,,,,dataset_2
32.654874441992746,,,,,dataset_2
77.88325686951886,,,,,dataset_2
55.16397785940457,,,,,dataset_2
23.643133030855793,,,,,dataset_2
76.28879985488217,,,,,dataset_2
63.404079115045505,,,,,dataset_2
21.59766188414808,,,,,dataset_2
61.636477491371686,,,,,dataset_2
45.66052093037051,,,,,dataset_2
30.22681025656303,,,,,dataset_2
13.686638925209524,,,,,dataset_2
25.717396619369794,,,,,dataset_2
39.18106689366336,,,,,dataset_2
33.399389753358584,,,,,dataset_2
26.686277594699977,,,,,dataset_2
39.608938803871,,,,,dataset_2
52.36726347719805,,,,,dataset_2
40.13602284161074,,,,,dataset_2
75.20740754492027,,,,,dataset_2
56.07021435564312,,,,,dataset_2
19.64246314084409,,,,,dataset_2
34.156085813722115,,,,,dataset_2
20.79929499171959,,,,,dataset_2
45.67896611675039,,,,,dataset_2
23.719438335877616,,,,,dataset_2
48.69236977145375,,,,,dataset_2
19.14565224105909,,,,,dataset_2
71.84514602123849,,,,,dataset_2
53.61929000127133,,,,,dataset_2
71.60536608124224,,,,,dataset_2
38.7196399375753,,,,,dataset_2
34.355971989042615,,,,,dataset_2
23.218258110016333,,,,,dataset_2
75.20543600297624,,,,,dataset_2
61.34191821041523,,,,,dataset_2
62.53719552002433,,,,,dataset_2
70.46041049165916,,,,,dataset_2
69.15037514368225,,,,,dataset_2
54.42775484126532,,,,,dataset_2
76.19697328779932,,,,,dataset_2
56.124356906027174,,,,,dataset_2
12.784881793811929,,,,,dataset_2
27.691023291282647,,,,,dataset_2
32.13162633027189,,,,,dataset_2
55.84235664337289,,,,,dataset_2
33.43822227324216,,,,,dataset_2
29.82314456732897,,,,,dataset_2
68.27919364911702,,,,,dataset_2
14.29840056079426,,,,,dataset_2
17.99258272316136,,,,,dataset_2
78.47873997394463,,,,,dataset_2
49.46520628884101,,,,,dataset_2
38.72850455892116,,,,,dataset_2
11.099495210546552,,,,,dataset_2
73.1464295911116,,,,,dataset_2
70.11345703155985,,,,,dataset_2
47.11998375153918,,,,,dataset_2
44.97940477275911,,,,,dataset_2
78.56482632564487,,,,,dataset_2
59.43608861422157,,,,,dataset_2
10.71670544393564,,,,,dataset_2
70.76300757432239,,,,,dataset_2
74.39410444457535,,,,,dataset_2
34.47152285319396,,,,,dataset_2
36.01033337838054,,,,,dataset_2
21.829907897916183,,,,,dataset_2
58.741939581916135,,,,,dataset_2
67.61510554598229,,,,,dataset_2
48.85908038680254,,,,,dataset_2
49.33820262817487,,,,,dataset_2
46.170918988469595,,,,,dataset_2
39.66219279500432,,,,,dataset_2
28.5881972306505,,,,,dataset_2
63.63834303003125,,,,,dataset_2
53.261611785924494,,,,,dataset_2
28.470116513873386,,,,,dataset_2
47.029366555326085,,,,,dataset_2
19.603620722726383,,,,,dataset_2
71.18672422408704,,,,,dataset_2
36.62575874012391,,,,,dataset_2
52.51587429467051,,,,,dataset_2
55.314868382287365,,,,,dataset_2
68.54032451515606,,,,,dataset_2
58.04935506057443,,,,,dataset_2
24.09487534027998,,,,,dataset_2
60.897904984135295,,,,,dataset_2
21.45899091918115,,,,,dataset_2
17.45569885906601,,,,,dataset_2
74.3564244570547,,,,,dataset_2
29.40629290644893,,,,,dataset_2
79.18625981486748,,,,,dataset_2
36.82635977334931,,,,,dataset_2
29.55214820282107,,,,,dataset_2
18.58391193755046,,,,,dataset_2
26.89062819813777,,,,,dataset_2
23.660864912870707,,,,,dataset_2
45.56852112501914,,,,,dataset_2
76.10016598972054,,,,,dataset_2
17.22977277500999,,,,,dataset_2
47.502565538132096,,,,,dataset_2
17.614337093838465,,,,,dataset_2
33.71709640003521,,,,,dataset_2
28.61872691658548,,,,,dataset_2
22.77832054392471,,,,,dataset_2
43.775178613997426,,,,,dataset_2
69.65046909638814,,,,,dataset_2
12.948556348881189,,,,,dataset_2
51.23874456430183,,,,,dataset_2
68.8190774577467,,,,,dataset_2
25.29511063648538,,,,,dataset_2
67.43954292428037,,,,,dataset_2
61.98358015049908,,,,,dataset_2
66.31143398861562,,,,,dataset_2
56.73622823777282,,,,,dataset_2
59.03062507862398,,,,,dataset_2
77.48736998751806,,,,,dataset_2
79.36629589030748,,,,,dataset_2
55.25823780769172,,,,,dataset_2
49.02142700439428,,,,,dataset_2
24.619338862881825,,,,,dataset_2
31.616728683554832,,,,,dataset_2
19.249881154674263,,,,,dataset_2
32.785161602290074,,,,,dataset_2
12.582000331864586,,,,,dataset_2
45.35405053117274,,,,,dataset_2
28.236737656788428,,,,,dataset_2
54.14101827527224,,,,,dataset_2
79.31625781929787,,,,,dataset_2
10.373186474115917,,,,,dataset_2
10.699912960952926,,,,,dataset_2
24.404342898982513,,,,,dataset_2
52.656831350930126,,,,,dataset_2
50.67006901098635,,,,,dataset_2
51.79554204131248,,,,,dataset_2
39.63760224208309,,,,,dataset_2
39.498279139649526,,,,,dataset_2
44.14038236746478,,,,,dataset_2
43.58099351382034,,,,,dataset_2
10.91120853710499,,,,,dataset_2
66.17509642574339,,,,,dataset_2
71.70975044001693,,,,,dataset_2
67.38061425443469,,,,,dataset_2
67.99114425431311,,,,,dataset_2
37.672265484755,,,,,dataset_2
14.450224328408442,,,,,dataset_2
63.01454255419133,,,,,dataset_2
50.13270599156935,,,,,dataset_2
26.26905317604592,,,,,dataset_2
72.94282682686861,,,,,dataset_2
34.52480377042362,,,,,dataset_2
32.594982897843245,,,,,dataset_2
47.19160011397823,,,,,dataset_2
49.41416805378055,,,,,dataset_2
64.70914273059263,,,,,dataset_2
71.58162445693432,,,,,dataset_2
21.810687911536913,,,,,dataset_2
44.19636186758916,,,,,dataset_2
57.78762749162669,,,,,dataset_2
34.997501142389225,,,,,dataset_2
65.4269711252999,,,,,dataset_2
57.80774343164517,,,,,dataset_2
58.471479118260895,,,,,dataset_2
67.6927740423551,,,,,dataset_2
44.51704853276527,,,,,dataset_2
56.97604915301943,,,,,dataset_2
59.61565493421826,,,,,dataset_2
70.01741200455538,,,,,dataset_2
24.394010659073828,,,,,dataset_2
28.324581598729345,,,,,dataset_2
12.260618106249636,,,,,dataset_2
77.6653292772902,,,,,dataset_2
59.59268082984622,,,,,dataset_2
20.326235004849952,,,,,dataset_2
40.47399102639001,,,,,dataset_2
34.39084544789843,,,,,dataset_2
41.07053223483213,,,,,dataset_2
51.189218682874255,,,,,dataset_2
77.7601915414272,,,,,dataset_2
10.824363911075164,,,,,dataset_2
37.45346436150188,,,,,dataset_2
51.3301468373044,,,,,dataset_2
41.806900004069576,,,,,dataset_2
19.303201786309653,,,,,dataset_2
29.72958568670464,,,,,dataset_2
48.413442945495945,,,,,dataset_2
71.73603752922293,,,,,dataset_2
43.54236925105466,,,,,dataset_2
20.22562540236526,,,,,dataset_2
13.398617924417175,,,,,dataset_2
42.44171028079987,,,,,dataset_2
31.413145622775335,,,,,dataset_2
66.30061592800047,,,,,dataset_2
22.817062125508727,,,,,dataset_2
51.558760743234465,,,,,dataset_2
26.092191879539634,,,,,dataset_2
14.203302436734187,,,,,dataset_2
54.220754702752586,,,,,dataset_2
40.2904444127877,,,,,dataset_2
26.80899039794379,,,,,dataset_2
10.912915524005545,,,,,dataset_2
53.46863377236184,,,,,dataset_2
38.54918001714125,,,,,dataset_2
58.41028178939398,,,,,dataset_2
14.4915659145613,,,,,dataset_2
43.17494874613136,,,,,dataset_2
33.67988872157705,,,,,dataset_2
23.48684097268295,,,,,dataset_2
66.0265579530604,,,,,dataset_2
14.888111240297036,,,,,dataset_2
23.27663787056457,,,,,dataset_2
11.70326540300326,,,,,dataset_2
45.66667676759552,,,,,dataset_2
27.033185239366265,,,,,dataset_2
30.78370479211477,,,,,dataset_2
61.91049264293281,,,,,dataset_2
18.629993924094,,,,,dataset_2
70.63893053625827,,,,,dataset_2
21.47718843378137,,,,,dataset_2
51.7402014107811,,,,,dataset_2
64.43449136956005,,,,,dataset_2
10.762481578593457,,,,,dataset_2
77.21541983277348,,,,,dataset_2
19.24355902725472,,,,,dataset_2
39.80612791525326,,,,,dataset_2
44.78994995529239,,,,,dataset_2
12.995890191580385,,,,,dataset_2
29.530669622285497,,,,,dataset_2
71.3773796674015,,,,,dataset_2
47.32116187247664,,,,,dataset_2
69.6119650797972,,,,,dataset_2
53.0195307586453,,,,,dataset_2
33.886628395580814,,,,,dataset_2
50.720115140872934,,,,,dataset_2
34.31224452495695,,,,,dataset_2
15.689991430890236,,,,,dataset_2
22.434383052040165,,,,,dataset_2
14.324845860160556,,,,,dataset_2
31.88812515225585,,,,,dataset_2
36.496543961555645,,,,,dataset_2
31.486398599063453,,,,,dataset_2
21.99694181730778,,,,,dataset_2
69.96603337284614,,,,,dataset_2
45.03258879250757,,,,,dataset_2
35.69145350944585,,,,,dataset_2
26.15393936152571,,,,,dataset_2
63.12625200443285,,,,,dataset_2
25.291350386276477,,,,,dataset_2
33.03928774364516,,,,,dataset_2
42.76680997394826,,,,,dataset_2
10.628122123474627,,,,,dataset_2
15.83828380510042,,,,,dataset_2
68.13861564911798,,,,,dataset_2
10.00326243197702,,,,,dataset_2
17.85209647108377,,,,,dataset_2
71.73270009921451,,,,,dataset_2
48.14327821145725,,,,,dataset_2
76.1006902776747,,,,,dataset_2
45.745175378099034,,,,,dataset_2
64.09056344865598,,,,,dataset_2
18.84426962803695,,,,,dataset_2
36.20929963528824,,,,,dataset_2
60.08924880511291,,,,,dataset_2
10.393388291698184,,,,,dataset_2
40.159505978163295,,,,,dataset_2
40.411231896933415,,,,,dataset_2
68.65165188952966,,,,,dataset_2
36.07376026066025,,,,,dataset_2
77.88674248794368,,,,,dataset_2
77.94762618877353,,,,,dataset_2
67.10846182087118,,,,,dataset_2
79.82451367037295,,,,,dataset_2
75.49659025660436,,,,,dataset_2
71.33218439703553,,,,,dataset_2
44.11192498585579,,,,,dataset_2
70.11883727201992,,,,,dataset_2
13.364777009485731,,,,,dataset_2
34.395582661047186,,,,,dataset_2
32.3248441369707,,,,,dataset_2
34.181661652633586,,,,,dataset_2
29.122059284616636,,,,,dataset_2
25.11512967569002,,,,,dataset_2
20.002042042151448,,,,,dataset_2
67.49840536578054,,,,,dataset_2
62.16512467237512,,,,,dataset_2
37.72815755745562,,,,,dataset_2
78.31247049629225,,,,,dataset_2
13.04715870050634,,,,,dataset_2
24.14791186369444,,,,,dataset_2
47.770863246801824,,,,,dataset_2
63.00028686409492,,,,,dataset_2
40.65399734091878,,,,,dataset_2
48.79205907609576,,,,,dataset_2
76.37009884606384,,,,,dataset_2
34.18244931515591,,,,,dataset_2
40.330461314799166,,,,,dataset_2
44.03188793018443,,,,,dataset_2
54.05264701457325,,,,,dataset_2
26.00738208776211,,,,,dataset_2
11.577346590408204,,,,,dataset_2
13.311078345609548,,,,,dataset_2
53.72723458042393,,,,,dataset_2
38.06313102493225,,,,,dataset_2
70.78626593372819,,,,,dataset_2
32.41444774216782,,,,,dataset_2
42.78486250312623,,,,,dataset_2
78.82917165758725,,,,,dataset_2
20.740390105349512,,,,,dataset_2
36.567604511758866,,,,,dataset_2
19.19020195267088,,,,,dataset_2
29.674913631265063,,,,,dataset_2
66.25673999470392,,,,,dataset_2
31.810658281440737,,,,,dataset_2
62.64467739184731,,,,,dataset_2
20.78753435188502,,,,,dataset_2
14.792939332030194,,,,,dataset_2
14.7200792469342,,,,,dataset_2
78.51445550030233,,,,,dataset_2
56.17391199644506,,,,,dataset_2
54.2012375253954,,,,,dataset_2
63.021286663730486,,,,,dataset_2
10.56289601725414,,,,,dataset_2
27.288059721794696,,,,,dataset_2
19.92151272551788,,,,,dataset_2
24.362088204248316,,,,,dataset_2
54.33539809550704,,,,,dataset_2
30.83442475560428,,,,,dataset_2
63.60112887125566,,,,,dataset_2
40.02074390154389,,,,,dataset_2
78.73112105405643,,,,,dataset_2
79.32254096500334,,,,,dataset_2
71.71619580020075,,,,,dataset_2
15.898548007163534,,,,,dataset_2
12.20995720981971,,,,,dataset_2
51.43282817046675,,,,,dataset_2
14.551324834706843,,,,,dataset_2
35.75830531687829,,,,,dataset_2
57.10265997189137,,,,,dataset_2
54.44179606869679,,,,,dataset_2
13.762699636623188,,,,,dataset_2
73.38715387822893,,,,,dataset_3
45.751909691223155,,,,,dataset_3
79.37656116528021,,,,,dataset_3
18.723449473981987,,,,,dataset_3
37.328537097051395,,,,,dataset_3
14.227905737136078,,,,,dataset_3
66.2080583992583,,,,,dataset_3
67.1365106095387,,,,,dataset_3
73.64103586479766,,,,,dataset_3
10.262272474284334,,,,,dataset_3
25.815643335344557,,,,,dataset_3
38.487381970341,,,,,dataset_3
22.68087032879663,,,,,dataset_3
22.0714135576227,,,,,dataset_3
30.29171988857584,,,,,dataset_3
24.14671426570803,,,,,dataset_3
30.97154579457324,,,,,dataset_3
68.67817547500857,,,,,dataset_3
30.87513484647327,,,,,dataset_3
44.77069917729222,,,,,dataset_3
47.181729087093245,,,,,dataset_3
54.324055030151,,,,,dataset_3
56.6790400615135,,,,,dataset_3
60.98422166337097,,,,,dataset_3
53.44547102466869,,,,,dataset_3
14.582017340801269,,,,,dataset_3
65.94938023825284,,,,,dataset_3
65.64593182878303,,,,,dataset_3
12.109059843274412,,,,,dataset_3
46.537715358693546,,,,,dataset_3
59.120412235704535,,,,,dataset_3
32.99326727043979,,,,,dataset_3
50.9909249816061,,,,,dataset_3
44.83271900516835,,,,,dataset_3
12.66000172716339,,,,,dataset_3
44.862411516203544,,,,,dataset_3
23.200932389512325,,,,,dataset_3
16.909145041544818,,,,,dataset_3
46.80604483630028,,,,,dataset_3
58.16141556336227,,,,,dataset_3
36.75458670803464,,,,,dataset_3
49.79186923001998,,,,,dataset_3
41.164053940938075,,,,,dataset_3
62.76749143387622,,,,,dataset_3
26.648267415724593,,,,,dataset_3
42.67098793432224,,,,,dataset_3
60.736648528188454,,,,,dataset_3
78.4403580334408,,,,,dataset_3
77.16841384869731,,,,,dataset_3
54.291359841133165,,,,,dataset_3
27.918169631537104,,,,,dataset_3
14.660315952994916,,,,,dataset_3
10.478588485764206,,,,,dataset_3
10.164894403008192,,,,,dataset_3
23.484437573443977,,,,,dataset_3
63.45962927388737,,,,,dataset_3
35.071640423070136,,,,,dataset_3
47.5136965687556,,,,,dataset_3
19.398527733101737,,,,,dataset_3
12.645162472934222,,,,,dataset_3
34.145471366054515,,,,,dataset_3
78.1340102976895,,,,,dataset_3
49.03043451614499,,,,,dataset_3
50.44052413592614,,,,,dataset_3
68.67265786962125,,,,,dataset_3
79.44365528980624,,,,,dataset_3
27.84390690338296,,,,,dataset_3
37.329989183439864,,,,,dataset_3
47.389518462870576,,,,,dataset_3
42.7474982652808,,,,,dataset_3
28.52148051020863,,,,,dataset_3
43.46892756291722,,,,,dataset_3
33.670321672259384,,,,,dataset_3
31.91165844153587,,,,,dataset_3
61.58778307675843,,,,,dataset_3
70.33803298333089,,,,,dataset_3
75.2200976558187,,,,,dataset_3
64.27260581017617,,,,,dataset_3
75.42312149605596,,,,,dataset_3
56.980225780342984,,,,,dataset_3
24.79681459661544,,,,,dataset_3
26.067103617555443,,,,,dataset_3
26.335850519051142,,,,,dataset_3
59.92624400589152,,,,,dataset_3
16.963641620386454,,,,,dataset_3
75.82254934221544,,,,,dataset_3
43.872058867103675,,,,,dataset_3
60.199233014302216,,,,,dataset_3
10.438855393625175,,,,,dataset_3
67.04141970962029,,,,,dataset_3
43.08823946679793,,,,,dataset_3
36.52759014808841,,,,,dataset_3
50.451274705957104,,,,,dataset_3
62.459657875079834,,,,,dataset_3
19.745830105505306,,,,,dataset_3
21.95662438547054,,,,,dataset_3
10.070836428498463,,,,,dataset_3
25.463189159747355,,,,,dataset_3
22.322661377785057,,,,,dataset_3
59.16264442844454,,,,,dataset_3
58.45456826098976,,,,,dataset_3
45.10212397561154,,,,,dataset_3
65.01736784853577,,,,,dataset_3
66.90918080793426,,,,,dataset_3
13.8889719028138,,,,,dataset_3
45.483477369385646,,,,,dataset_3
25.23491108416827,,,,,dataset_3
38.76500362356616,,,,,dataset_3
68.98486721219919,,,,,dataset_3
61.19840779970731,,,,,dataset_3
25.41383116011417,,,,,dataset_3
18.695359772305185,,,,,dataset_3
73.21969264595306,,,,,dataset_3
10.549290116824606,,,,,dataset_3
46.26894284657668,,,,,dataset_3
73.62041942070292,,,,,dataset_3
39.2175645649948,,,,,dataset_3
60.29982628960235,,,,,dataset_3
47.98112324124453,,,,,dataset_3
55.75704466845864,,,,,dataset_3
66.24412568094428,,,,,dataset_3
28.769101943132593,,,,,dataset_3
62.80176382007211,,,,,dataset_3
71.47449548633418,,,,,dataset_3
24.42984754921207,,,,,dataset_3
79.36839627968524,,,,,dataset_3
47.13630805830006,,,,,dataset_3
54.172204825499406,,,,,dataset_3
38.81915161299695,,,,,dataset_3
33.552650888857336,,,,,dataset_3
12.375685869089034,,,,,dataset_3
26.164439933412403,,,,,dataset_3
76.93770926271799,,,,,dataset_3
36.73951717942704,,,,,dataset_3
27.04221725298672,,,,,dataset_3
42.694686845167475,,,,,dataset_3
76.25444931719022,,,,,dataset_3
76.4018987826704,,,,,dataset_3
53.89999620252272,,,,,dataset_3
48.95376195817915,,,,,dataset_3
21.969635223054738,,,,,dataset_3
64.57977891017777,,,,,dataset_3
22.118181661592423,,,,,dataset_3
10.07676502478835,,,,,dataset_3
21.246862735166783,,,,,dataset_3
27.3780325362155,,,,,dataset_3
64.8432798361365,,,,,dataset_3
10.417219399252993,,,,,dataset_3
34.08910562371388,,,,,dataset_3
37.88329264888563,,,,,dataset_3
28.62583819426263,,,,,dataset_3
31.500311709923736,,,,,dataset_3
11.54457709646277,,,,,dataset_3
27.42631505271124,,,,,dataset_3
78.25689313289745,,,,,dataset_3
47.50465291956834,,,,,dataset_3
76.27720758481836,,,,,dataset_3
24.291149568103428,,,,,dataset_3
50.88190953038601,,,,,dataset_3
42.929835672886036,,,,,dataset_3
44.0993725215881,,,,,dataset_3
14.0505358298174,,,,,dataset_3
30.896303684007567,,,,,dataset_3
22.88966707132922,,,,,dataset_3
69.05452927219295,,,,,dataset_3
46.666264762959145,,,,,dataset_3
29.941899373625187,,,,,dataset_3
40.09857868657972,,,,,dataset_3
62.10795126312112,,,,,dataset_3
54.816324130780224,,,,,dataset_3
36.629969221270336,,,,,dataset_3
11.686404205703514,,,,,dataset_3
12.330988232308172,,,,,dataset_3
62.99259644716931,,,,,dataset_3
56.79085096219368,,,,,dataset_3
25.80164645427945,,,,,dataset_3
41.71849059258892,,,,,dataset_3
43.60462513499018,,,,,dataset_3
49.59479625594776,,,,,dataset_3
48.35695795473507,,,,,dataset_3
64.0807905838987,,,,,dataset_3
37.762470904292144,,,,,dataset_3
63.80551429302438,,,,,dataset_3
14.17380071495987,,,,,dataset_3
74.81427439804821,,,,,dataset_3
55.92898173441675,,,,,dataset_3
72.37786370130695,,,,,dataset_3
62.1766480106102,,,,,dataset_3
26.531041650739716,,,,,dataset_3
76.51965696740616,,,,,dataset_3
31.092217799012744,,,,,dataset_3
55.34256514560411,,,,,dataset_3
74.75215780014025,,,,,dataset_3
69.47566188941454,,,,,dataset_3
79.81073774329144,,,,,dataset_3
20.00015904904076,,,,,dataset_3
35.944520470029076,,,,,dataset_3
16.084435709483692,,,,,dataset_3
32.61888721363408,,,,,dataset_3
46.85511145442202,,,,,dataset_3
21.77980078541148,,,,,dataset_3
74.62401942292865,,,,,dataset_3
57.52926462836983,,,,,dataset_3
25.08514794352447,,,,,dataset_3
11.838005364845124,,,,,dataset_3
66.0479838929842,,,,,dataset_3
30.5218969411473,,,,,dataset_3
60.72682467448336,,,,,dataset_3
53.58430996667866,,,,,dataset_3
53.0142866408987,,,,,dataset_3
61.73489935876521,,,,,dataset_3
31.091414605581708,,,,,dataset_3
33.372811589726645,,,,,dataset_3
73.5784113859736,,,,,dataset_3
60.321586124028535,,,,,dataset_3
53.40313287331119,,,,,dataset_3
50.31116758270515,,,,,dataset_3
32.78069520338262,,,,,dataset_3
71.01966289579595,,,,,dataset_3
48.09192074154392,,,,,dataset_3
18.9623617516583,,,,,dataset_3
49.33865425027171,,,,,dataset_3
16.571638391008754,,,,,dataset_3
58.58473809739188,,,,,dataset_3
23.407758899188963,,,,,dataset_3
51.98355520576017,,,,,dataset_3
72.01883563431497,,,,,dataset_3
15.08399749383329,,,,,dataset_3
58.2709217368216,,,,,dataset_3
75.7288617384219,,,,,dataset_3
25.497646228124857,,,,,dataset_3
42.62316528492423,,,,,dataset_3
17.6310842401535,,,,,dataset_3
55.502843806794054,,,,,dataset_3
42.47210768070405,,,,,dataset_3
12.809309988756716,,,,,dataset_3
46.09538658640258,,,,,dataset_3
63.38716679012093,,,,,dataset_3
51.8450880734907,,,,,dataset_3
31.70230735594188,,,,,dataset_3
40.50925705254765,,,,,dataset_3
58.97217289279259,,,,,dataset_3
61.51420553543201,,,,,dataset_3
72.2989750583195,,,,,dataset_3
32.04587823862488,,,,,dataset_3
47.59222726513648,,,,,dataset_3
39.301896618633734,,,,,dataset_3
11.832062747374028,,,,,dataset_3
42.16794513070106,,,,,dataset_3
53.75759617261548,,,,,dataset_3
53.40772441189035,,,,,dataset_3
25.652205657929898,,,,,dataset_3
16.583822996851197,,,,,dataset_3
58.79492140842145,,,,,dataset_3
67.6643156879864,,,,,dataset_3
77.91048625846304,,,,,dataset_3
58.45028664840946,,,,,dataset_3
58.54831560479666,,,,,dataset_3
68.29227545361672,,,,,dataset_3
24.46959129943704,,,,,dataset_3
16.939850869298596,,,,,dataset_3
72.61063248499741,,,,,dataset_3
72.52816323606447,,,,,dataset_3
45.278618059254825,,,,,dataset_3
27.307481770479725,,,,,dataset_3
71.53622465510705,,,,,dataset_3
36.616147870626115,,,,,dataset_3
19.382744698914543,,,,,dataset_3
51.927866152975994,,,,,dataset_3
60.12356402507595,,,,,dataset_3
28.325687429799387,,,,,dataset_3
16.91807447047929,,,,,dataset_3
68.34681103084299,,,,,dataset_3
69.4993525901791,,,,,dataset_3
19.22987656912016,,,,,dataset_3
57.23724984964306,,,,,dataset_3
62.20951901846334,,,,,dataset_3
69.8410232200176,,,,,dataset_3
47.260985991012525,,,,,dataset_3
40.85770743144748,,,,,dataset_3
48.502742169251775,,,,,dataset_3
31.202242888377004,,,,,dataset_3
49.545046222524,,,,,dataset_3
58.00850331575058,,,,,dataset_3
33.90542440269395,,,,,dataset_3
19.92012491938741,,,,,dataset_3
35.91180692821861,,,,,dataset_3
56.39282996967946,,,,,dataset_3
27.985223199615575,,,,,dataset_3
75.32782151376186,,,,,dataset_3
54.53405768666401,,,,,dataset_3
16.54051648173438,,,,,dataset_3
51.93250591132869,,,,,dataset_3
28.4486480474959,,,,,dataset_3
62.24172438885488,,,,,dataset_3
26.559151849408977,,,,,dataset_3
79.05676797532398,,,,,dataset_3
27.826693180919516,,,,,dataset_3
18.134886989415996,,,,,dataset_3
12.156230056723173,,,,,dataset_3
10.824440398059457,,,,,dataset_3
65.4647620423484,,,,,dataset_3
65.30207309426731,,,,,dataset_3
26.39788297817573,,,,,dataset_3
76.77300661795859,,,,,dataset_3
33.70137834405999,,,,,dataset_3
60.79879986558836,,,,,dataset_3
60.20411393300418,,,,,dataset_3
23.79788274106989,,,,,dataset_3
10.989403759097693,,,,,dataset_3
12.772002479584366,,,,,dataset_3
42.30104642697633,,,,,dataset_3
77.44048323671835,,,,,dataset_3
19.23223203875842,,,,,dataset_3
62.82994838348682,,,,,dataset_3
37.06714382336577,,,,,dataset_3
27.495460052908808,,,,,dataset_3
54.88918734670387,,,,,dataset_3
78.81471273962356,,,,,dataset_3
43.361056740790126,,,,,dataset_3
12.641455591070835,,,,,dataset_3
36.06139000232008,,,,,dataset_3
25.314751661213133,,,,,dataset_3
23.391262657546896,,,,,dataset_3
65.41827038092867,,,,,dataset_3
55.570224679033345,,,,,dataset_3
21.37245057655168,,,,,dataset_3
46.29711393465566,,,,,dataset_3
47.7389823084139,,,,,dataset_3
45.739799839938826,,,,,dataset_3
64.43057056884632,,,,,dataset_3
37.369389518395096,,,,,dataset_3
74.30831308036113,,,,,dataset_3
40.11957445327124,,,,,dataset_3
37.900662401869965,,,,,dataset_3
27.441566098539912,,,,,dataset_3
40.80617889395872,,,,,dataset_3
70.0213164543039,,,,,dataset_3
17.3604224424426,,,,,dataset_3
18.8689241896929,,,,,dataset_3
70.31857454514183,,,,,dataset_3
41.40117103708866,,,,,dataset_3
64.79941932812909,,,,,dataset_3
33.748616984883945,,,,,dataset_3
36.93526884180482,,,,,dataset_3
30.933204849686145,,,,,dataset_3
19.529303035516797,,,,,dataset_3
45.5066143653965,,,,,dataset_3
17.26227453171676,,,,,dataset_3
40.71250684078056,,,,,dataset_3
58.694929537515165,,,,,dataset_3
50.57964799491562,,,,,dataset_3
10.11229542562239,,,,,dataset_3
32.87656438636527,,,,,dataset_3
43.35137102844438,,,,,dataset_3
22.909570532764505,,,,,dataset_3
21.66426134840659,,,,,dataset_3
15.724587685234336,,,,,dataset_3
65.01005590136693,,,,,dataset_3
14.322378152989211,,,,,dataset_3
54.55873932161224,,,,,dataset_3
15.689197234566253,,,,,dataset_3
66.25886848204033,,,,,dataset_3
63.107305813718405,,,,,dataset_3
68.31117046405771,,,,,dataset_3
35.51366430138134,,,,,dataset_3
56.17322773564704,,,,,dataset_3
48.13196377159195,,,,,dataset_3
60.142299196533635,,,,,dataset_3
54.42230687831163,,,,,dataset_3
25.18078008381389,,,,,dataset_3
51.43569353799532,,,,,dataset_3
73.73792434762603,,,,,dataset_3
75.38337367264546,,,,,dataset_3
57.59393864703644,,,,,dataset_3
11.25928772347686,,,,,dataset_3
68.0001602138808,,,,,dataset_3
62.18713271024447,,,,,dataset_3
74.99581643902614,,,,,dataset_3
21.80223278822091,,,,,dataset_3
34.3597691130354,,,,,dataset_3
73.7173788443026,,,,,dataset_3
34.20147610079142,,,,,dataset_3
30.92851132347515,,,,,dataset_3
36.16837272671823,,,,,dataset_3
47.90745773798334,,,,,dataset_3
60.86176619026751,,,,,dataset_3
60.7285057640675,,,,,dataset_3
11.006810797766416,,,,,dataset_3
44.43197673576171,,,,,dataset_3
48.623523490867214,,,,,dataset_3
61.76622568880287,,,,,dataset_3
77.98701119330354,,,,,dataset_3
66.11376451245008,,,,,dataset_3
58.28509871515245,,,,,dataset_3
12.585027366372074,,,,,dataset_3
23.07804718391391,,,,,dataset_3
50.262223055104734,,,,,dataset_3
77.1866741520679,,,,,dataset_3
64.42967950729724,,,,,dataset_3
59.241113928864,,,,,dataset_3
69.51944367529815,,,,,dataset_3
46.75840237870022,,,,,dataset_3
25.201071575151367,,,,,dataset_3
41.28686779425277,,,,,dataset_3
21.449483971587036,,,,,dataset_3
62.11364292035804,,,,,dataset_3
52.03320592169782,,,,,dataset_3
21.24987591952584,,,,,dataset_3
76.93495624392422,,,,,dataset_3
50.64036891666661,,,,,dataset_3
36.719984725358785,,,,,dataset_3
71.65733984389672,,,,,dataset_3
29.21521463637748,,,,,dataset_3
46.30633911073231,,,,,dataset_3
43.50753382103921,,,,,dataset_3
18.154023579872497,,,,,dataset_3
10.95323060791791,,,,,dataset_3
44.89914583290757,,,,,dataset_3
53.34508618733821,,,,,dataset_3
16.083038551212688,,,,,dataset_3
48.90801276741015,,,,,dataset_3
52.41508540615448,,,,,dataset_3
52.10798462798073,,,,,dataset_3
66.17023347655731,,,,,dataset_3
21.97915345279406,,,,,dataset_3
42.059534455448485,,,,,dataset_3
36.22131547651378,,,,,dataset_3
45.75763660609637,,,,,dataset_3
25.935840051569812,,,,,dataset_3
11.393695079982953,,,,,dataset_3
34.69285874218006,,,,,dataset_3
56.9546215156062,,,,,dataset_3
16.684966568392596,,,,,dataset_3
63.69461109784738,,,,,dataset_3
24.798198752873738,,,,,dataset_3
56.09145799847859,,,,,dataset_3
49.93845595943387,,,,,dataset_3
38.474587268346234,,,,,dataset_3
37.59229751656892,,,,,dataset_3
45.703283006042426,,,,,dataset_3
14.10384153836793,,,,,dataset_3
46.00771090524819,,,,,dataset_3
54.948501876617435,,,,,dataset_3
43.4598160366675,,,,,dataset_3
36.4607605038853,,,,,dataset_3
69.08809131735566,,,,,dataset_3
23.58927637134626,,,,,dataset_3
46.55284594721443,,,,,dataset_3
34.4833872461272,,,,,dataset_3
47.668474011833645,,,,,dataset_3
37.58578398225429,,,,,dataset_3
17.339071589546116,,,,,dataset_3
37.677353219337085,,,,,dataset_3
50.14921416932489,,,,,dataset_3
49.66141156740456,,,,,dataset_3
59.579700755005646,,,,,dataset_3
30.91856270005533,,,,,dataset_3
33.78383629431538,,,,,dataset_3
48.4725281422909,,,,,dataset_3
54.76523767015535,,,,,dataset_3
69.47767352578346,,,,,dataset_3
27.15963053474275,,,,,dataset_3
17.678540473698348,,,,,dataset_3
50.17815400598141,,,,,dataset_3
28.874351641472643,,,,,dataset_3
68.00840148178143,,,,,dataset_3
28.55540215145488,,,,,dataset_3
73.14207989325936,,,,,dataset_3
43.17626775290897,,,,,dataset_3
33.270914663320326,,,,,dataset_3
37.52722414443012,,,,,dataset_3
23.05489317998901,,,,,dataset_3
15.9323118607661,,,,,dataset_3
58.98623704600523,,,,,dataset_3
77.41864736662828,,,,,dataset_3
12.459104610456656,,,,,dataset_3
15.370574755325803,,,,,dataset_3
65.48592327926457,,,,,dataset_3
14.40387292525292,,,,,dataset_3
39.11124624960945,,,,,dataset_3
50.38911482703423,,,,,dataset_3
57.421965817828465,,,,,dataset_3
33.62744572574951,,,,,dataset_3
56.15825502820665,,,,,dataset_3
27.01286482709627,,,,,dataset_3
13.46643921174528,,,,,dataset_3
53.81095982182643,,,,,dataset_3
45.88279023436424,,,,,dataset_3
69.71037752200992,,,,,dataset_3
41.194288427679936,,,,,dataset_3
14.71021351246058,,,,,dataset_3
72.66356563185181,,,,,dataset_3
43.75242115113592,,,,,dataset_3
51.99735330745781,,,,,dataset_3
34.680267328330416,,,,,dataset_3
79.18044177425485,,,,,dataset_3
54.06418273338824,,,,,dataset_3
30.79720282902366,,,,,dataset_3
48.26988762999296,,,,,dataset_3
