energy_kwh,duration_hours,charging_rate_kw,time_of_day,day_of_week,source,daily_kwh_forecast
29.9270938664551,1.4666666666666666,350.0,Afternoon,Sunday,dataset_1,35.91251263974612
11.115214617686329,0.3166666666666666,350.0,Morning,Saturday,dataset_1,13.338257541223594
20.63696140663545,1.7833333333333334,150.0,Afternoon,Thursday,dataset_1,24.76435368796254
16.806809774084254,0.7666666666666667,150.0,Morning,Sunday,dataset_1,20.168171728901104
69.87771381612451,1.6,150.0,Evening,Monday,dataset_1,83.8532565793494
15.964029794373868,1.9,150.0,Evening,Thursday,dataset_1,19.15683575324864
68.00438735574014,1.6166666666666667,50.0,Afternoon,Thursday,dataset_1,81.60526482688816
76.67206716106695,1.1833333333333331,350.0,Evening,Tuesday,dataset_1,92.00648059328033
45.42834644660522,1.2333333333333334,150.0,Night,Sunday,dataset_1,54.51401573592626
65.02412206296302,1.95,150.0,Afternoon,Thursday,dataset_1,78.02894647555561
11.197042794775484,1.6166666666666667,350.0,Afternoon,Thursday,dataset_1,13.43645135373058
78.6717620275996,0.7166666666666667,150.0,Night,Thursday,dataset_1,94.40611443311951
24.768159394090244,1.5166666666666666,150.0,Night,Thursday,dataset_1,29.72179127290829
79.43424232645754,0.25,150.0,Afternoon,Monday,dataset_1,95.32109079174904
51.599414101053895,1.0333333333333334,50.0,Afternoon,Thursday,dataset_1,61.919296921264674
52.450563176738115,0.4166666666666667,50.0,Afternoon,Wednesday,dataset_1,62.940675812085736
49.2570640055364,1.3666666666666667,150.0,Afternoon,Monday,dataset_1,59.10847680664368
57.16041152741955,0.95,50.0,Night,Monday,dataset_1,68.59249383290346
65.2941526701014,1.25,50.0,Morning,Monday,dataset_1,78.35298320412167
17.537256367024888,1.2333333333333334,150.0,Evening,Saturday,dataset_1,21.044707640429866
57.25589879864007,1.2833333333333334,50.0,Morning,Monday,dataset_1,68.70707855836808
23.22437320588614,1.2666666666666666,350.0,Night,Friday,dataset_1,27.869247847063367
20.56066378518443,1.6166666666666667,350.0,Afternoon,Monday,dataset_1,24.672796542221317
45.693376473052176,0.9333333333333332,50.0,Morning,Sunday,dataset_1,54.83205176766261
61.20416073234786,1.6666666666666667,350.0,Night,Sunday,dataset_1,73.44499287881743
71.39361612490521,0.65,150.0,Night,Friday,dataset_1,85.67233934988624
61.50556367159299,0.25,350.0,Morning,Wednesday,dataset_1,73.80667640591159
52.2159025184901,1.1,350.0,Night,Wednesday,dataset_1,62.65908302218811
76.78637820917655,1.9,150.0,Afternoon,Saturday,dataset_1,92.14365385101185
32.272257123405794,0.8666666666666667,150.0,Morning,Saturday,dataset_1,38.726708548086954
29.484928090387577,1.3666666666666667,150.0,Morning,Friday,dataset_1,35.38191370846509
58.38442090638406,1.1333333333333333,50.0,Night,Tuesday,dataset_1,70.06130508766087
49.45386046924106,0.5833333333333334,350.0,Afternoon,Thursday,dataset_1,59.34463256308926
51.996761512505955,0.9,350.0,Evening,Thursday,dataset_1,62.39611381500714
29.09548040175278,1.4666666666666666,350.0,Evening,Friday,dataset_1,34.914576482103335
20.239237816733315,1.0833333333333333,150.0,Afternoon,Sunday,dataset_1,24.287085380079976
20.028752037939434,0.6333333333333333,150.0,Night,Sunday,dataset_1,24.03450244552732
46.00810845980667,0.3666666666666666,350.0,Morning,Monday,dataset_1,55.20973015176801
66.90124876172564,1.8,150.0,Evening,Monday,dataset_1,80.28149851407076
12.982270336158424,1.8833333333333333,350.0,Afternoon,Monday,dataset_1,15.578724403390108
24.425694053641912,1.9833333333333336,350.0,Morning,Friday,dataset_1,29.310832864370294
29.001640675798075,0.8166666666666667,150.0,Night,Thursday,dataset_1,34.80196881095769
23.559101943399703,1.0,350.0,Morning,Friday,dataset_1,28.270922332079643
51.673954877433225,1.6833333333333331,150.0,Evening,Sunday,dataset_1,62.008745852919866
40.852144531592046,1.2833333333333334,150.0,Morning,Saturday,dataset_1,49.02257343791045
55.10747150140243,0.4166666666666667,350.0,Afternoon,Saturday,dataset_1,66.12896580168291
47.09177337060365,0.55,50.0,Afternoon,Saturday,dataset_1,56.510128044724375
50.30947721144382,0.7333333333333333,150.0,Night,Saturday,dataset_1,60.37137265373258
61.15971040214738,1.5,50.0,Night,Friday,dataset_1,73.39165248257686
41.008696197887474,0.4,150.0,Night,Sunday,dataset_1,49.210435437464966
45.961539167015125,1.7833333333333334,150.0,Morning,Tuesday,dataset_1,55.153847000418146
11.597499941972604,0.45,50.0,Evening,Monday,dataset_1,13.916999930367124
27.481265435709407,0.8833333333333333,150.0,Afternoon,Tuesday,dataset_1,32.977518522851284
26.373620176763335,1.5166666666666666,350.0,Morning,Tuesday,dataset_1,31.648344212116
14.508368915191006,1.7,350.0,Afternoon,Sunday,dataset_1,17.41004269822921
55.305541721379576,0.8,150.0,Night,Tuesday,dataset_1,66.36665006565549
49.63972708257826,1.7166666666666666,150.0,Evening,Saturday,dataset_1,59.56767249909391
65.10171657558881,1.5166666666666666,50.0,Afternoon,Saturday,dataset_1,78.12205989070657
63.98724088674967,0.3666666666666666,350.0,Morning,Thursday,dataset_1,76.7846890640996
39.589954092127165,0.5666666666666667,150.0,Afternoon,Monday,dataset_1,47.507944910552595
15.771256492068952,0.9833333333333332,350.0,Morning,Sunday,dataset_1,18.92550779048274
10.897703473513332,0.9833333333333332,350.0,Evening,Saturday,dataset_1,13.077244168215998
45.94951352192716,0.8666666666666667,150.0,Afternoon,Thursday,dataset_1,55.13941622631259
13.781883556142072,1.1666666666666667,50.0,Evening,Saturday,dataset_1,16.538260267370486
10.13769507935553,1.8333333333333333,350.0,Evening,Tuesday,dataset_1,12.165234095226635
76.33656792562357,1.0833333333333333,50.0,Evening,Saturday,dataset_1,91.60388151074828
47.834149959678626,1.0166666666666666,150.0,Night,Thursday,dataset_1,57.40097995161435
65.018799391035,1.1166666666666667,150.0,Evening,Tuesday,dataset_1,78.022559269242
67.44403442108108,0.25,350.0,Afternoon,Saturday,dataset_1,80.9328413052973
40.87267136967888,1.3333333333333333,350.0,Morning,Tuesday,dataset_1,49.04720564361466
44.85128760416065,1.7333333333333334,150.0,Morning,Monday,dataset_1,53.82154512499278
63.31154498939879,1.7,150.0,Night,Tuesday,dataset_1,75.97385398727855
46.95273040894874,0.5,150.0,Morning,Wednesday,dataset_1,56.34327649073848
75.08887605635611,0.7666666666666667,150.0,Afternoon,Monday,dataset_1,90.10665126762733
46.79684552587756,1.5666666666666669,150.0,Evening,Wednesday,dataset_1,56.15621463105307
38.03041517652245,1.2833333333333334,50.0,Morning,Thursday,dataset_1,45.63649821182694
70.5011745686202,0.7833333333333333,50.0,Evening,Saturday,dataset_1,84.60140948234424
67.94359446101245,1.15,50.0,Night,Wednesday,dataset_1,81.53231335321495
54.52888084151828,0.25,150.0,Morning,Tuesday,dataset_1,65.43465700982193
56.532550093637674,1.3666666666666667,150.0,Night,Monday,dataset_1,67.8390601123652
65.00159491760948,0.9833333333333332,50.0,Evening,Saturday,dataset_1,78.00191390113137
61.909386728446734,1.3,50.0,Night,Friday,dataset_1,74.29126407413608
23.955637460965303,1.6666666666666667,150.0,Evening,Saturday,dataset_1,28.746764953158362
42.38718385120253,1.3333333333333333,350.0,Afternoon,Friday,dataset_1,50.86462062144303
30.407253428759603,1.6,350.0,Night,Monday,dataset_1,36.48870411451152
37.67179653105496,0.5166666666666667,50.0,Night,Monday,dataset_1,45.206155837265946
27.814323069493312,0.4666666666666667,150.0,Evening,Thursday,dataset_1,33.37718768339197
75.44027476207965,1.4833333333333334,350.0,Morning,Tuesday,dataset_1,90.52832971449558
39.45352034410389,0.2833333333333333,350.0,Evening,Friday,dataset_1,47.34422441292467
34.510308354015535,1.25,150.0,Evening,Sunday,dataset_1,41.41237002481864
30.605286084620687,0.4,150.0,Evening,Sunday,dataset_1,36.72634330154482
63.554520929245385,0.3333333333333333,50.0,Evening,Saturday,dataset_1,76.26542511509446
18.745640768964147,0.35,350.0,Night,Monday,dataset_1,22.494768922756975
57.01677195777942,1.7833333333333334,50.0,Afternoon,Friday,dataset_1,68.4201263493353
26.07677501162069,0.65,350.0,Afternoon,Saturday,dataset_1,31.292130013944828
74.49281500199758,0.9,150.0,Afternoon,Friday,dataset_1,89.3913780023971
28.259343697278545,0.4333333333333333,150.0,Afternoon,Tuesday,dataset_1,33.91121243673425
11.813971051853065,0.5,350.0,Afternoon,Sunday,dataset_1,14.176765262223677
56.872151269677744,1.65,350.0,Night,Friday,dataset_1,68.24658152361329
63.22899700173624,1.0,50.0,Night,Thursday,dataset_1,75.87479640208349
74.45427830965055,1.2833333333333334,150.0,Morning,Friday,dataset_1,89.34513397158065
28.96527018950785,0.3333333333333333,350.0,Afternoon,Tuesday,dataset_1,34.75832422740942
62.98032118947153,1.1166666666666667,150.0,Afternoon,Monday,dataset_1,75.57638542736584
66.52447988304128,1.2166666666666666,50.0,Morning,Saturday,dataset_1,79.82937585964953
36.97784581816755,1.1833333333333331,50.0,Afternoon,Sunday,dataset_1,44.37341498180106
52.59683283534804,1.7,50.0,Night,Saturday,dataset_1,63.11619940241764
43.72204319457802,1.7333333333333334,50.0,Afternoon,Tuesday,dataset_1,52.46645183349362
63.36312698324812,1.4333333333333331,150.0,Afternoon,Saturday,dataset_1,76.03575237989774
53.137965013249286,1.4833333333333334,350.0,Afternoon,Friday,dataset_1,63.76555801589914
42.559321545881744,0.7666666666666667,150.0,Afternoon,Thursday,dataset_1,51.07118585505809
27.84303928678724,1.15,50.0,Morning,Monday,dataset_1,33.41164714414469
25.315007239344332,0.6166666666666667,50.0,Night,Thursday,dataset_1,30.378008687213196
60.686483809884265,0.8333333333333334,50.0,Night,Friday,dataset_1,72.82378057186112
37.73851241309873,1.0166666666666666,150.0,Morning,Tuesday,dataset_1,45.28621489571848
76.5673511549723,1.7333333333333334,50.0,Night,Tuesday,dataset_1,91.88082138596675
57.34544279534581,1.9,350.0,Morning,Wednesday,dataset_1,68.81453135441497
71.64378356196961,0.55,150.0,Afternoon,Friday,dataset_1,85.97254027436354
40.85179598138509,0.7333333333333333,350.0,Evening,Thursday,dataset_1,49.02215517766211
28.03577667746204,0.9833333333333332,50.0,Night,Saturday,dataset_1,33.64293201295445
50.170808166120175,1.6666666666666667,350.0,Evening,Thursday,dataset_1,60.204969799344205
14.321491476721576,1.4166666666666667,50.0,Afternoon,Wednesday,dataset_1,17.185789772065892
14.739358391448295,0.9,50.0,Morning,Friday,dataset_1,17.687230069737954
26.46316189772677,0.4333333333333333,150.0,Night,Wednesday,dataset_1,31.755794277272123
51.89701538023041,1.7,350.0,Night,Wednesday,dataset_1,62.27641845627649
17.43104092140597,0.8666666666666667,350.0,Morning,Wednesday,dataset_1,20.917249105687162
10.563086326687063,0.8833333333333333,50.0,Morning,Wednesday,dataset_1,12.675703592024476
66.74716086756905,1.1833333333333331,350.0,Night,Thursday,dataset_1,80.09659304108285
20.56804456607432,1.9166666666666667,50.0,Night,Friday,dataset_1,24.681653479289185
60.76711673591963,1.9666666666666663,50.0,Morning,Monday,dataset_1,72.92054008310355
28.598670799724612,0.6,150.0,Night,Saturday,dataset_1,34.318404959669536
10.546025032222031,1.6333333333333333,350.0,Morning,Friday,dataset_1,12.655230038666437
31.43677131237694,1.5166666666666666,50.0,Morning,Tuesday,dataset_1,37.72412557485233
55.38489400399794,0.7333333333333333,50.0,Morning,Tuesday,dataset_1,66.46187280479752
26.453628104656367,1.4166666666666667,150.0,Evening,Wednesday,dataset_1,31.74435372558764
55.99954212366133,1.35,150.0,Afternoon,Saturday,dataset_1,67.19945054839359
58.20309213706907,0.9666666666666668,150.0,Morning,Friday,dataset_1,69.84371056448288
42.55839273804869,1.4166666666666667,350.0,Night,Tuesday,dataset_1,51.07007128565842
24.80553337154952,1.0166666666666666,50.0,Morning,Sunday,dataset_1,29.766640045859422
76.7717552649291,1.8166666666666669,50.0,Night,Monday,dataset_1,92.12610631791492
42.82463704672833,1.9,350.0,Afternoon,Monday,dataset_1,51.38956445607399
23.05173109491097,1.6166666666666667,50.0,Morning,Tuesday,dataset_1,27.662077313893164
64.8201312114155,0.5333333333333333,150.0,Night,Saturday,dataset_1,77.7841574536986
34.9740549606816,1.9333333333333331,350.0,Morning,Sunday,dataset_1,41.968865952817914
74.60837160637317,0.9666666666666668,50.0,Night,Saturday,dataset_1,89.5300459276478
51.114351235569835,1.0833333333333333,150.0,Afternoon,Friday,dataset_1,61.3372214826838
15.948302764297049,1.45,150.0,Evening,Saturday,dataset_1,19.13796331715646
62.92651019052458,1.65,50.0,Morning,Monday,dataset_1,75.5118122286295
39.8405893522743,1.7666666666666666,350.0,Evening,Saturday,dataset_1,47.80870722272916
59.3981828184212,1.8666666666666667,350.0,Morning,Wednesday,dataset_1,71.27781938210543
23.80836734252584,1.3166666666666669,50.0,Night,Wednesday,dataset_1,28.57004081103101
74.51362721617713,0.6333333333333333,50.0,Night,Tuesday,dataset_1,89.41635265941255
70.43577122666082,0.8,50.0,Evening,Saturday,dataset_1,84.52292547199298
58.30768309709075,1.2833333333333334,350.0,Morning,Friday,dataset_1,69.9692197165089
45.17450618857432,1.1166666666666667,350.0,Morning,Monday,dataset_1,54.20940742628918
35.6946187837668,1.4,150.0,Morning,Thursday,dataset_1,42.833542540520156
61.63052967041405,0.5166666666666667,50.0,Evening,Friday,dataset_1,73.95663560449685
42.93518453871637,1.6333333333333333,350.0,Afternoon,Saturday,dataset_1,51.522221446459646
71.46012880319606,1.5833333333333333,150.0,Morning,Saturday,dataset_1,85.75215456383526
60.43105348966744,1.0,350.0,Night,Thursday,dataset_1,72.51726418760093
36.64878110955969,0.65,350.0,Evening,Wednesday,dataset_1,43.97853733147163
26.674984746398344,0.8666666666666667,50.0,Evening,Thursday,dataset_1,32.009981695678015
34.83641170783425,1.95,150.0,Night,Saturday,dataset_1,41.8036940494011
27.501570442551415,1.4,150.0,Morning,Tuesday,dataset_1,33.0018845310617
52.79740415234192,1.95,50.0,Evening,Thursday,dataset_1,63.3568849828103
59.40840267526541,1.4333333333333331,150.0,Afternoon,Monday,dataset_1,71.29008321031849
34.43674240994279,0.3,150.0,Morning,Monday,dataset_1,41.32409089193134
24.097657348842528,1.9666666666666663,150.0,Evening,Saturday,dataset_1,28.91718881861103
57.34306463638952,1.3,50.0,Afternoon,Sunday,dataset_1,68.81167756366742
34.202816520163935,0.4833333333333333,150.0,Evening,Sunday,dataset_1,41.04337982419672
51.140483736299714,1.4,150.0,Evening,Wednesday,dataset_1,61.368580483559654
67.89122696469433,0.65,50.0,Night,Monday,dataset_1,81.4694723576332
26.212582408126675,1.6166666666666667,350.0,Night,Tuesday,dataset_1,31.45509888975201
73.06231387353878,1.4333333333333331,150.0,Morning,Thursday,dataset_1,87.67477664824654
54.76703230013468,1.3,50.0,Evening,Monday,dataset_1,65.72043876016161
13.481545963360402,1.3166666666666669,50.0,Evening,Tuesday,dataset_1,16.177855156032482
19.33587927992235,0.7166666666666667,50.0,Night,Monday,dataset_1,23.20305513590682
32.53680352938534,0.4833333333333333,150.0,Afternoon,Monday,dataset_1,39.04416423526241
11.15882510002169,0.4,150.0,Morning,Monday,dataset_1,13.390590120026028
13.43892256514214,1.2,150.0,Morning,Friday,dataset_1,16.126707078170565
51.714214703720984,1.1166666666666667,150.0,Afternoon,Wednesday,dataset_1,62.057057644465175
24.751589083953235,0.7333333333333333,50.0,Morning,Thursday,dataset_1,29.70190690074388
53.86969857721734,1.2,150.0,Morning,Monday,dataset_1,64.64363829266081
25.94310856450605,0.4666666666666667,150.0,Afternoon,Thursday,dataset_1,31.13173027740726
76.17407333010239,0.4666666666666667,150.0,Night,Wednesday,dataset_1,91.40888799612286
53.720857279522384,0.6166666666666667,50.0,Morning,Monday,dataset_1,64.46502873542686
57.88008785061302,1.8833333333333333,50.0,Night,Thursday,dataset_1,69.45610542073562
73.13590523969026,0.3666666666666666,350.0,Afternoon,Thursday,dataset_1,87.76308628762831
56.70749886048708,1.7166666666666666,50.0,Morning,Saturday,dataset_1,68.04899863258449
54.63539267114355,0.25,50.0,Night,Thursday,dataset_1,65.56247120537226
58.67580309396473,1.1,150.0,Evening,Wednesday,dataset_1,70.41096371275768
17.85473506114488,1.8833333333333333,350.0,Evening,Wednesday,dataset_1,21.425682073373853
60.94852291447392,0.65,50.0,Afternoon,Monday,dataset_1,73.1382274973687
11.47946916115936,0.6,350.0,Night,Monday,dataset_1,13.775362993391232
48.529067722086594,0.85,350.0,Evening,Wednesday,dataset_1,58.23488126650391
31.117726972495255,0.5833333333333334,50.0,Morning,Friday,dataset_1,37.3412723669943
36.06972403784248,0.9833333333333332,150.0,Afternoon,Wednesday,dataset_1,43.28366884541097
66.18272381253904,0.3166666666666666,150.0,Morning,Saturday,dataset_1,79.41926857504684
48.55433031779292,0.4666666666666667,350.0,Afternoon,Friday,dataset_1,58.2651963813515
68.36622169603153,1.15,350.0,Morning,Monday,dataset_1,82.03946603523784
48.970710622789426,0.95,350.0,Morning,Tuesday,dataset_1,58.764852747347305
17.111727025575902,0.75,50.0,Morning,Friday,dataset_1,20.534072430691083
37.70146063270663,0.55,50.0,Afternoon,Friday,dataset_1,45.24175275924795
36.26319096265016,1.2333333333333334,350.0,Night,Sunday,dataset_1,43.515829155180185
32.8733176748232,0.5666666666666667,150.0,Afternoon,Friday,dataset_1,39.447981209787834
37.37152793558022,1.8333333333333333,150.0,Night,Wednesday,dataset_1,44.84583352269626
71.44367831702804,1.1833333333333331,50.0,Evening,Friday,dataset_1,85.73241398043365
51.39115784373512,0.8833333333333333,50.0,Evening,Thursday,dataset_1,61.66938941248215
68.6496112304064,1.5,50.0,Morning,Sunday,dataset_1,82.37953347648768
55.97883998713643,0.9333333333333332,150.0,Evening,Sunday,dataset_1,67.17460798456372
79.9434111322576,0.6666666666666666,350.0,Night,Tuesday,dataset_1,95.93209335870911
53.77956024676588,0.9666666666666668,50.0,Morning,Tuesday,dataset_1,64.53547229611905
79.73541252724486,1.1,150.0,Evening,Monday,dataset_1,95.68249503269384
25.182400217011477,1.3666666666666667,50.0,Evening,Sunday,dataset_1,30.21888026041377
74.7775065574662,0.8,350.0,Night,Sunday,dataset_1,89.73300786895943
31.93094335275222,1.4166666666666667,150.0,Evening,Saturday,dataset_1,38.31713202330266
24.39448069590365,1.3833333333333333,150.0,Afternoon,Monday,dataset_1,29.273376835084377
62.9806100542863,1.4666666666666666,50.0,Morning,Monday,dataset_1,75.57673206514356
61.98310761601049,1.2,150.0,Morning,Saturday,dataset_1,74.37972913921259
63.69331613441724,1.2333333333333334,350.0,Evening,Wednesday,dataset_1,76.43197936130068
30.59454235236645,0.4166666666666667,150.0,Afternoon,Saturday,dataset_1,36.71345082283974
30.995742497504143,1.9166666666666667,150.0,Morning,Monday,dataset_1,37.19489099700497
70.61924620791561,0.7166666666666667,150.0,Night,Wednesday,dataset_1,84.74309544949872
49.00018252558362,0.3333333333333333,150.0,Night,Wednesday,dataset_1,58.80021903070034
12.672218815251725,1.6166666666666667,50.0,Morning,Sunday,dataset_1,15.206662578302069
12.160554363416448,1.7833333333333334,350.0,Evening,Saturday,dataset_1,14.592665236099737
36.068402809934454,1.7666666666666666,50.0,Evening,Tuesday,dataset_1,43.282083371921345
50.38456798191365,0.5333333333333333,150.0,Evening,Thursday,dataset_1,60.46148157829637
55.58803332145616,0.6166666666666667,350.0,Afternoon,Monday,dataset_1,66.70563998574738
55.37281332761681,1.1666666666666667,150.0,Afternoon,Saturday,dataset_1,66.44737599314017
10.638150097982312,0.75,50.0,Morning,Wednesday,dataset_1,12.765780117578773
78.66599028265298,1.9166666666666667,50.0,Afternoon,Wednesday,dataset_1,94.39918833918358
18.48780249717258,1.7166666666666666,50.0,Night,Thursday,dataset_1,22.185362996607097
34.09878610521946,0.9,150.0,Afternoon,Saturday,dataset_1,40.918543326263354
38.95669532739909,1.45,350.0,Night,Wednesday,dataset_1,46.74803439287891
34.10115631519571,1.8666666666666667,350.0,Night,Tuesday,dataset_1,40.92138757823485
79.65310230942256,1.4666666666666666,150.0,Night,Tuesday,dataset_1,95.58372277130708
49.01507157272999,1.9333333333333331,50.0,Afternoon,Tuesday,dataset_1,58.818085887275984
70.02600536991139,1.75,50.0,Afternoon,Thursday,dataset_1,84.03120644389367
20.661076977782052,2.0,50.0,Evening,Wednesday,dataset_1,24.793292373338463
49.91616488889157,1.6833333333333331,350.0,Afternoon,Sunday,dataset_1,59.89939786666989
13.673610726171194,1.6333333333333333,350.0,Afternoon,Saturday,dataset_1,16.40833287140543
38.62431958302092,1.3,150.0,Afternoon,Thursday,dataset_1,46.349183499625106
54.93582707693079,1.7,150.0,Night,Wednesday,dataset_1,65.92299249231695
59.06676852423801,1.6,150.0,Night,Monday,dataset_1,70.8801222290856
54.89733141816162,0.3333333333333333,50.0,Evening,Monday,dataset_1,65.87679770179395
75.01027070286676,0.5333333333333333,50.0,Night,Wednesday,dataset_1,90.01232484344011
77.87598054875785,0.3666666666666666,150.0,Night,Wednesday,dataset_1,93.45117665850943
21.627758422199392,0.5,350.0,Night,Saturday,dataset_1,25.953310106639268
66.13904595600076,1.9,150.0,Morning,Wednesday,dataset_1,79.36685514720091
18.571855536729736,1.7666666666666666,150.0,Afternoon,Wednesday,dataset_1,22.286226644075683
58.439847059776206,1.95,150.0,Evening,Monday,dataset_1,70.12781647173145
72.86437550924043,0.25,350.0,Morning,Thursday,dataset_1,87.43725061108852
34.807637976688724,0.65,50.0,Morning,Friday,dataset_1,41.769165572026466
14.817536207413896,1.05,350.0,Morning,Monday,dataset_1,17.781043448896675
46.76817593597157,1.6333333333333333,150.0,Morning,Friday,dataset_1,56.121811123165884
34.184430568697934,0.7333333333333333,350.0,Morning,Thursday,dataset_1,41.02131668243752
69.4092077306243,1.3,150.0,Afternoon,Thursday,dataset_1,83.29104927674916
23.658788238232543,0.45,350.0,Evening,Saturday,dataset_1,28.39054588587905
61.954305750328665,0.75,150.0,Morning,Monday,dataset_1,74.34516690039439
72.62651298590595,0.4166666666666667,50.0,Night,Saturday,dataset_1,87.15181558308713
15.349377890532168,0.8666666666666667,50.0,Night,Monday,dataset_1,18.4192534686386
34.9866433544397,0.6166666666666667,350.0,Afternoon,Friday,dataset_1,41.98397202532764
37.25331258908102,1.9833333333333336,50.0,Night,Tuesday,dataset_1,44.703975106897225
64.75920945960758,0.5333333333333333,350.0,Night,Wednesday,dataset_1,77.7110513515291
14.824561932007429,1.15,150.0,Evening,Wednesday,dataset_1,17.789474318408914
49.439929416732994,1.6,150.0,Night,Saturday,dataset_1,59.32791530007959
16.63990068448355,0.8833333333333333,350.0,Morning,Tuesday,dataset_1,19.96788082138026
19.206096857287964,0.6166666666666667,350.0,Morning,Sunday,dataset_1,23.047316228745554
39.06945536703555,1.9166666666666667,150.0,Night,Thursday,dataset_1,46.88334644044266
69.01548365329435,1.2666666666666666,50.0,Afternoon,Thursday,dataset_1,82.81858038395322
49.52518950744138,1.7833333333333334,350.0,Morning,Thursday,dataset_1,59.43022740892965
49.25384826501074,1.8333333333333333,150.0,Night,Monday,dataset_1,59.104617918012885
70.36105518889792,1.2166666666666666,50.0,Evening,Wednesday,dataset_1,84.4332662266775
36.94588243237773,0.2666666666666666,50.0,Night,Wednesday,dataset_1,44.33505891885327
62.758929628674515,0.3333333333333333,50.0,Night,Wednesday,dataset_1,75.31071555440941
34.994643380849546,0.3,50.0,Night,Wednesday,dataset_1,41.993572057019456
75.22598288247795,0.4166666666666667,50.0,Night,Monday,dataset_1,90.27117945897353
42.354818487817234,1.7833333333333334,350.0,Afternoon,Thursday,dataset_1,50.82578218538068
70.05579080115893,0.55,50.0,Morning,Monday,dataset_1,84.06694896139072
37.50531581395872,0.3666666666666666,350.0,Afternoon,Wednesday,dataset_1,45.00637897675046
57.835237145911314,1.0333333333333334,350.0,Afternoon,Saturday,dataset_1,69.40228457509357
42.21597644399662,0.95,350.0,Afternoon,Tuesday,dataset_1,50.65917173279594
53.57631122072005,1.3,50.0,Afternoon,Wednesday,dataset_1,64.29157346486406
67.42491699567364,0.3333333333333333,150.0,Evening,Saturday,dataset_1,80.90990039480836
74.10885243329444,1.5166666666666666,150.0,Night,Wednesday,dataset_1,88.93062291995334
51.39513167584684,0.8666666666666667,150.0,Evening,Tuesday,dataset_1,61.6741580110162
34.90672222822657,1.25,350.0,Morning,Thursday,dataset_1,41.88806667387188
47.7196055366526,1.4333333333333331,350.0,Evening,Tuesday,dataset_1,57.26352664398312
57.817149365934995,1.4,150.0,Afternoon,Tuesday,dataset_1,69.38057923912199
67.4445124023946,1.65,350.0,Night,Tuesday,dataset_1,80.9334148828735
43.36648648944577,0.3833333333333333,150.0,Evening,Saturday,dataset_1,52.03978378733492
59.27680395336544,0.9833333333333332,350.0,Evening,Sunday,dataset_1,71.13216474403852
12.279865477328435,1.5833333333333333,150.0,Night,Saturday,dataset_1,14.735838572794123
73.95896403073635,1.4333333333333331,50.0,Afternoon,Friday,dataset_1,88.75075683688362
29.74867107355796,1.9166666666666667,350.0,Morning,Tuesday,dataset_1,35.698405288269555
60.312499542678225,1.3333333333333333,50.0,Night,Monday,dataset_1,72.37499945121387
36.41143087207126,0.8,350.0,Morning,Thursday,dataset_1,43.69371704648551
53.611132431556086,1.7333333333333334,350.0,Night,Friday,dataset_1,64.3333589178673
78.44487202287885,0.4333333333333333,50.0,Morning,Friday,dataset_1,94.13384642745463
42.17481199304766,1.4166666666666667,50.0,Afternoon,Saturday,dataset_1,50.60977439165719
44.56699545604433,1.6,150.0,Night,Thursday,dataset_1,53.4803945472532
61.53175553080144,1.05,350.0,Afternoon,Thursday,dataset_1,73.83810663696173
67.54159268973524,0.9833333333333332,150.0,Evening,Monday,dataset_1,81.04991122768229
71.04100627502379,0.8333333333333334,50.0,Night,Friday,dataset_1,85.24920753002854
21.761868084378474,0.65,350.0,Evening,Monday,dataset_1,26.11424170125417
58.692872973537376,1.5833333333333333,150.0,Morning,Saturday,dataset_1,70.43144756824485
18.535953109100184,0.4666666666666667,50.0,Evening,Friday,dataset_1,22.24314373092022
10.544137188261628,0.4333333333333333,150.0,Afternoon,Monday,dataset_1,12.652964625913953
20.39709222404228,1.9666666666666663,50.0,Morning,Friday,dataset_1,24.476510668850732
54.30556647692238,0.55,150.0,Evening,Saturday,dataset_1,65.16667977230685
12.132854480611709,0.45,350.0,Night,Friday,dataset_1,14.55942537673405
27.71476871488482,1.4333333333333331,50.0,Morning,Wednesday,dataset_1,33.25772245786178
10.588545097883674,0.7333333333333333,150.0,Evening,Friday,dataset_1,12.706254117460409
20.336848444034,0.5666666666666667,350.0,Morning,Tuesday,dataset_1,24.4042181328408
56.89336166853947,1.2166666666666666,350.0,Evening,Monday,dataset_1,68.27203400224737
44.76508819661704,1.0166666666666666,50.0,Night,Monday,dataset_1,53.71810583594045
75.92985372201399,0.55,350.0,Afternoon,Monday,dataset_1,91.11582446641678
21.04988829077891,1.9833333333333336,150.0,Morning,Friday,dataset_1,25.259865948934692
49.12466138878168,1.4666666666666666,350.0,Evening,Friday,dataset_1,58.949593666538014
13.874851207072744,1.2666666666666666,50.0,Morning,Tuesday,dataset_1,16.64982144848729
65.37838762760731,1.7166666666666666,50.0,Night,Sunday,dataset_1,78.45406515312877
13.676397545678237,0.9166666666666666,150.0,Morning,Sunday,dataset_1,16.411677054813882
15.29596014720616,0.4333333333333333,350.0,Evening,Sunday,dataset_1,18.35515217664739
13.273824371452148,0.7666666666666667,50.0,Evening,Friday,dataset_1,15.928589245742577
46.36998612626124,1.5833333333333333,350.0,Afternoon,Saturday,dataset_1,55.643983351513484
24.132471506219577,1.65,350.0,Afternoon,Tuesday,dataset_1,28.958965807463493
33.84716252017774,1.4833333333333334,50.0,Afternoon,Sunday,dataset_1,40.61659502421329
23.91124806500023,1.15,350.0,Afternoon,Saturday,dataset_1,28.693497678000274
10.978531963425048,1.9333333333333331,50.0,Morning,Wednesday,dataset_1,13.174238356110058
14.709208216289314,1.2666666666666666,350.0,Afternoon,Friday,dataset_1,17.651049859547175
25.938565564902653,1.3666666666666667,50.0,Afternoon,Friday,dataset_1,31.12627867788318
50.74308827055512,1.9666666666666663,50.0,Afternoon,Saturday,dataset_1,60.89170592466614
29.817279775659248,0.6666666666666666,150.0,Evening,Monday,dataset_1,35.78073573079109
60.147772486922086,0.55,150.0,Night,Sunday,dataset_1,72.1773269843065
67.45594023914714,0.4166666666666667,50.0,Evening,Friday,dataset_1,80.94712828697656
51.05728048806671,1.6166666666666667,150.0,Night,Friday,dataset_1,61.268736585680045
70.69879557447584,1.15,350.0,Morning,Sunday,dataset_1,84.83855468937101
24.71404778707848,1.5666666666666669,350.0,Night,Sunday,dataset_1,29.656857344494178
57.03686693351046,0.7166666666666667,50.0,Afternoon,Friday,dataset_1,68.44424032021254
19.33179982873358,1.0,150.0,Night,Tuesday,dataset_1,23.198159794480294
71.32821465473458,1.0166666666666666,150.0,Morning,Friday,dataset_1,85.59385758568149
32.401145732109654,0.8666666666666667,150.0,Night,Wednesday,dataset_1,38.88137487853158
18.75715157937799,2.0,150.0,Night,Sunday,dataset_1,22.508581895253588
37.28605966084453,1.3,150.0,Night,Monday,dataset_1,44.74327159301343
46.588972397266666,0.4666666666666667,50.0,Morning,Friday,dataset_1,55.90676687672
43.817198068222616,0.9166666666666666,350.0,Night,Saturday,dataset_1,52.58063768186714
58.3684074742497,1.6333333333333333,50.0,Morning,Sunday,dataset_1,70.04208896909964
20.11364563772686,0.85,150.0,Night,Friday,dataset_1,24.136374765272233
70.44916927992949,1.9,50.0,Night,Friday,dataset_1,84.5390031359154
68.86269087010106,0.6666666666666666,50.0,Evening,Wednesday,dataset_1,82.63522904412127
30.759839729071093,1.8333333333333333,50.0,Afternoon,Thursday,dataset_1,36.91180767488531
37.46110547375627,1.7666666666666666,150.0,Night,Monday,dataset_1,44.95332656850752
17.367935987421752,0.4,50.0,Evening,Friday,dataset_1,20.8415231849061
11.764447417956935,0.85,50.0,Morning,Saturday,dataset_1,14.117336901548322
46.0483530265942,1.8333333333333333,350.0,Afternoon,Saturday,dataset_1,55.25802363191304
59.55703669929749,1.9666666666666663,350.0,Afternoon,Sunday,dataset_1,71.46844403915699
37.278635258308256,1.95,350.0,Night,Sunday,dataset_1,44.7343623099699
61.27959692896911,1.1166666666666667,50.0,Night,Sunday,dataset_1,73.53551631476293
39.21731085236238,1.6,150.0,Afternoon,Sunday,dataset_1,47.06077302283486
73.70470735732337,1.3666666666666667,350.0,Afternoon,Saturday,dataset_1,88.44564882878804
17.90888618559275,0.5833333333333334,350.0,Evening,Thursday,dataset_1,21.490663422711297
47.2486242045124,0.4666666666666667,350.0,Evening,Sunday,dataset_1,56.69834904541488
47.12525283732464,1.1333333333333333,50.0,Morning,Saturday,dataset_1,56.55030340478957
30.585741855196098,1.7333333333333334,350.0,Morning,Thursday,dataset_1,36.70289022623532
39.95688845881283,1.8166666666666669,150.0,Night,Sunday,dataset_1,47.94826615057539
25.924378260512547,1.6666666666666667,350.0,Morning,Wednesday,dataset_1,31.109253912615056
16.38595046266385,1.4166666666666667,350.0,Evening,Saturday,dataset_1,19.66314055519662
66.38491558767834,1.8833333333333333,350.0,Evening,Tuesday,dataset_1,79.661898705214
31.4246116320864,1.05,350.0,Afternoon,Saturday,dataset_1,37.70953395850368
41.693542246537376,1.95,350.0,Afternoon,Sunday,dataset_1,50.03225069584485
59.62959757559393,1.95,150.0,Morning,Saturday,dataset_1,71.55551709071271
73.24024196116119,0.3166666666666666,350.0,Night,Friday,dataset_1,87.88829035339343
38.121430253142144,0.9833333333333332,350.0,Morning,Tuesday,dataset_1,45.74571630377057
62.69010051546523,1.8,150.0,Night,Thursday,dataset_1,75.22812061855828
19.33816331198821,0.2833333333333333,150.0,Evening,Sunday,dataset_1,23.205795974385854
79.75783693560933,0.6833333333333333,50.0,Night,Monday,dataset_1,95.7094043227312
48.759930652283224,1.2,50.0,Night,Thursday,dataset_1,58.51191678273987
23.516470745229775,0.3333333333333333,350.0,Night,Thursday,dataset_1,28.21976489427573
56.077390976024,0.3666666666666666,50.0,Evening,Friday,dataset_1,67.2928691712288
31.705325026925763,1.4,50.0,Night,Tuesday,dataset_1,38.04639003231092
60.430458280380805,1.2666666666666666,50.0,Morning,Friday,dataset_1,72.51654993645697
28.638474743127652,1.05,150.0,Evening,Sunday,dataset_1,34.36616969175318
43.09507939279752,1.85,350.0,Afternoon,Friday,dataset_1,51.714095271357024
74.56908473427066,1.9666666666666663,50.0,Evening,Friday,dataset_1,89.48290168112479
21.930582939668614,0.6333333333333333,350.0,Evening,Monday,dataset_1,26.316699527602335
46.68633259647461,1.3,150.0,Afternoon,Wednesday,dataset_1,56.02359911576953
58.49407632347582,0.4333333333333333,150.0,Afternoon,Sunday,dataset_1,70.19289158817098
68.41794161196314,1.7333333333333334,50.0,Morning,Saturday,dataset_1,82.10152993435577
33.567048726338015,1.1166666666666667,150.0,Night,Wednesday,dataset_1,40.28045847160562
58.85678493449949,1.6333333333333333,150.0,Evening,Monday,dataset_1,70.62814192139938
70.66969764045805,0.6666666666666666,50.0,Night,Friday,dataset_1,84.80363716854966
14.412516008494784,0.5166666666666667,150.0,Afternoon,Tuesday,dataset_1,17.29501921019374
25.27712265045764,0.6166666666666667,50.0,Afternoon,Thursday,dataset_1,30.332547180549163
48.73845711055428,1.5666666666666669,150.0,Morning,Thursday,dataset_1,58.48614853266513
19.327770084278217,0.7166666666666667,150.0,Afternoon,Sunday,dataset_1,23.19332410113386
78.92824312452487,0.6333333333333333,150.0,Night,Wednesday,dataset_1,94.71389174942983
42.48986418483831,0.5333333333333333,350.0,Afternoon,Monday,dataset_1,50.98783702180597
46.43190826717293,1.7833333333333334,150.0,Afternoon,Saturday,dataset_1,55.71828992060751
79.82118400271283,1.85,350.0,Morning,Thursday,dataset_1,95.78542080325539
54.729725754215856,0.55,350.0,Morning,Tuesday,dataset_1,65.67567090505902
60.96445831014011,0.3166666666666666,50.0,Night,Friday,dataset_1,73.15734997216813
24.744692631230382,1.3,150.0,Morning,Wednesday,dataset_1,29.693631157476457
76.15864934823922,1.7,50.0,Morning,Sunday,dataset_1,91.39037921788706
63.0132869841263,1.2666666666666666,150.0,Evening,Monday,dataset_1,75.61594438095156
34.12591887317569,1.3666666666666667,50.0,Evening,Tuesday,dataset_1,40.95110264781083
72.97615682603251,1.8333333333333333,350.0,Evening,Friday,dataset_1,87.57138819123901
67.2881229639961,0.4833333333333333,350.0,Evening,Wednesday,dataset_1,80.74574755679532
78.02336323520332,0.65,150.0,Evening,Tuesday,dataset_1,93.62803588224398
28.62921986091557,0.85,350.0,Afternoon,Sunday,dataset_1,34.35506383309868
43.83748039275217,1.3,50.0,Morning,Saturday,dataset_1,52.6049764713026
67.14435523029945,1.85,350.0,Afternoon,Saturday,dataset_1,80.57322627635934
18.677905865721826,1.1,350.0,Morning,Monday,dataset_1,22.41348703886619
60.29069835421822,0.5833333333333334,50.0,Night,Wednesday,dataset_1,72.34883802506187
34.33379198387587,0.9,350.0,Evening,Monday,dataset_1,41.200550380651045
38.46692266916384,0.6,350.0,Evening,Monday,dataset_1,46.16030720299661
45.56275974279824,1.6,50.0,Afternoon,Sunday,dataset_1,54.67531169135789
41.13490557054075,0.3,350.0,Evening,Thursday,dataset_1,49.3618866846489
42.97256847352153,1.65,50.0,Night,Wednesday,dataset_1,51.56708216822583
43.37645709027637,1.9833333333333336,50.0,Morning,Saturday,dataset_1,52.05174850833164
18.331392579698715,0.6,150.0,Afternoon,Friday,dataset_1,21.997671095638456
16.210622093171878,1.8166666666666669,350.0,Night,Wednesday,dataset_1,19.452746511806254
13.012496728728763,0.85,350.0,Night,Friday,dataset_1,15.614996074474515
74.21087468035988,0.7,50.0,Evening,Saturday,dataset_1,89.05304961643185
76.39257653715221,0.3333333333333333,150.0,Afternoon,Saturday,dataset_1,91.67109184458265
37.46453213845551,1.4,50.0,Night,Monday,dataset_1,44.957438566146614
76.1625899398557,1.2833333333333334,350.0,Night,Tuesday,dataset_1,91.39510792782684
74.1015288995939,1.6666666666666667,50.0,Morning,Tuesday,dataset_1,88.92183467951268
24.32383884026697,0.95,350.0,Evening,Friday,dataset_1,29.188606608320363
28.73624873005736,1.55,350.0,Morning,Wednesday,dataset_1,34.48349847606883
13.037519855690498,1.1333333333333333,350.0,Afternoon,Thursday,dataset_1,15.645023826828597
68.05551004863709,1.9666666666666663,350.0,Morning,Monday,dataset_1,81.6666120583645
53.52668055566779,1.7333333333333334,50.0,Evening,Sunday,dataset_1,64.23201666680134
77.6568136775935,1.8,150.0,Evening,Tuesday,dataset_1,93.1881764131122
77.31461829339365,1.6833333333333331,50.0,Afternoon,Sunday,dataset_1,92.77754195207238
76.63113697978915,0.9166666666666666,150.0,Afternoon,Monday,dataset_1,91.95736437574698
69.17578681407275,0.6833333333333333,50.0,Afternoon,Thursday,dataset_1,83.01094417688729
24.04440229456005,1.3666666666666667,50.0,Morning,Tuesday,dataset_1,28.853282753472058
28.161120233911216,1.3666666666666667,350.0,Night,Thursday,dataset_1,33.79334428069346
50.05926811905631,1.7666666666666666,150.0,Evening,Sunday,dataset_1,60.071121742867575
23.665342403193463,0.5333333333333333,150.0,Night,Sunday,dataset_1,28.398410883832156
28.775939579309274,1.1,350.0,Night,Sunday,dataset_1,34.53112749517113
70.74701251715234,1.4666666666666666,150.0,Afternoon,Sunday,dataset_1,84.89641502058281
20.22616034031222,0.7833333333333333,50.0,Afternoon,Thursday,dataset_1,24.271392408374663
24.109126669852177,1.75,350.0,Morning,Monday,dataset_1,28.93095200382261
41.11918057620058,1.0,350.0,Night,Monday,dataset_1,49.34301669144069
58.35440486349236,1.7666666666666666,50.0,Afternoon,Saturday,dataset_1,70.02528583619083
31.776869580516394,0.4833333333333333,150.0,Evening,Saturday,dataset_1,38.13224349661967
64.81444789030337,1.2166666666666666,350.0,Night,Tuesday,dataset_1,77.77733746836404
31.398409443692284,1.3666666666666667,50.0,Morning,Thursday,dataset_1,37.67809133243074
36.47398827343495,1.6,150.0,Evening,Tuesday,dataset_1,43.768785928121936
25.541197321773904,1.2,50.0,Evening,Tuesday,dataset_1,30.649436786128682
22.072759794649667,1.1833333333333331,150.0,Afternoon,Monday,dataset_1,26.4873117535796
75.47087749532493,1.0166666666666666,350.0,Night,Friday,dataset_1,90.56505299438992
29.618778546340156,1.9,50.0,Morning,Friday,dataset_1,35.54253425560819
30.349876986053346,0.3333333333333333,150.0,Afternoon,Thursday,dataset_1,36.419852383264015
68.47166940732612,0.4666666666666667,50.0,Morning,Saturday,dataset_1,82.16600328879134
72.89390981987422,0.7333333333333333,350.0,Morning,Monday,dataset_1,87.47269178384907
10.097581266234007,1.3,150.0,Afternoon,Thursday,dataset_1,12.117097519480808
43.30485205462954,1.4333333333333331,150.0,Afternoon,Saturday,dataset_1,51.96582246555545
50.91296151231414,1.1833333333333331,50.0,Night,Wednesday,dataset_1,61.09555381477696
73.90184073429691,0.8166666666666667,350.0,Night,Saturday,dataset_1,88.68220888115628
66.93506990665776,1.4,150.0,Morning,Saturday,dataset_1,80.32208388798931
44.00011518756477,1.5833333333333333,50.0,Afternoon,Wednesday,dataset_1,52.80013822507772
65.88511745722305,1.4333333333333331,150.0,Night,Saturday,dataset_1,79.06214094866765
50.27479218931171,1.8,350.0,Morning,Wednesday,dataset_1,60.32975062717405
69.4244436820419,0.35,150.0,Afternoon,Sunday,dataset_1,83.30933241845027
11.947287871121963,0.6833333333333333,150.0,Afternoon,Tuesday,dataset_1,14.336745445346356
55.45492314152558,1.3833333333333333,50.0,Morning,Sunday,dataset_1,66.54590776983069
48.33246237686941,0.4666666666666667,50.0,Morning,Monday,dataset_1,57.99895485224329
15.53281692005572,1.6833333333333331,350.0,Night,Sunday,dataset_1,18.63938030406686
53.13208864384201,0.3833333333333333,50.0,Night,Thursday,dataset_1,63.75850637261041
63.14796757609115,1.35,50.0,Morning,Monday,dataset_1,75.77756109130938
25.64647048682955,1.3833333333333333,350.0,Evening,Saturday,dataset_1,30.775764584195457
11.156446480578069,1.4666666666666666,50.0,Night,Thursday,dataset_1,13.387735776693683
48.39964017092468,0.6666666666666666,150.0,Night,Sunday,dataset_1,58.07956820510961
41.60653647505394,1.6166666666666667,350.0,Night,Saturday,dataset_1,49.92784377006473
56.406289369757665,1.9,50.0,Night,Friday,dataset_1,67.68754724370919
31.358563660939847,0.7,50.0,Afternoon,Thursday,dataset_1,37.630276393127815
75.64105957104705,0.6666666666666666,350.0,Night,Thursday,dataset_1,90.76927148525645
20.146326193027697,0.5,150.0,Evening,Monday,dataset_1,24.175591431633237
14.047739871886986,1.5,150.0,Night,Sunday,dataset_1,16.85728784626438
45.35391074822236,1.2833333333333334,350.0,Afternoon,Wednesday,dataset_1,54.424692897866834
21.00834322851335,0.3333333333333333,50.0,Evening,Tuesday,dataset_1,25.21001187421602
10.500674809748965,1.1333333333333333,350.0,Evening,Tuesday,dataset_1,12.600809771698758
35.4573438518986,0.4333333333333333,150.0,Afternoon,Thursday,dataset_1,42.54881262227832
31.56729927003636,0.7,350.0,Evening,Wednesday,dataset_1,37.880759124043635
62.643313183037925,0.5666666666666667,150.0,Morning,Thursday,dataset_1,75.17197581964551
43.48442147385173,1.4666666666666666,50.0,Evening,Friday,dataset_1,52.181305768622074
45.81564847013745,0.5166666666666667,350.0,Evening,Sunday,dataset_1,54.978778164164936
59.44992456513444,1.0833333333333333,50.0,Night,Monday,dataset_1,71.33990947816132
11.634061907949624,1.0666666666666669,150.0,Morning,Sunday,dataset_1,13.960874289539548
24.13637800079933,0.8833333333333333,350.0,Afternoon,Sunday,dataset_1,28.963653600959194
40.805874813122145,1.6166666666666667,150.0,Morning,Tuesday,dataset_1,48.967049775746574
45.60075695578473,0.9333333333333332,350.0,Evening,Friday,dataset_1,54.72090834694168
79.51417262492882,0.45,350.0,Night,Thursday,dataset_1,95.41700714991458
73.92840437011775,1.1166666666666667,350.0,Evening,Wednesday,dataset_1,88.71408524414129
18.334201050047906,1.8833333333333333,50.0,Evening,Wednesday,dataset_1,22.001041260057487
18.287159108800445,1.6,150.0,Night,Thursday,dataset_1,21.944590930560533
30.17604118272834,0.9833333333333332,350.0,Afternoon,Monday,dataset_1,36.211249419274004
69.68279030990254,1.25,50.0,Night,Saturday,dataset_1,83.61934837188305
53.34159809536941,,,,,dataset_2,64.00991771444329
10.164191386718134,,,,,dataset_2,12.19702966406176
73.99554690012478,,,,,dataset_2,88.79465628014974
26.430755652678116,,,,,dataset_2,31.716906783213737
25.040781229633694,,,,,dataset_2,30.048937475560432
76.28748594120383,,,,,dataset_2,91.54498312944459
20.584883300999476,,,,,dataset_2,24.70185996119937
76.82430541355399,,,,,dataset_2,92.18916649626478
68.89962497135107,,,,,dataset_2,82.67954996562129
49.56684036660531,,,,,dataset_2,59.48020843992637
12.70045184405592,,,,,dataset_2,15.240542212867103
31.57486158045198,,,,,dataset_2,37.88983389654238
48.25325558975407,,,,,dataset_2,57.90390670770488
40.714167323226285,,,,,dataset_2,48.85700078787154
77.25323414511281,,,,,dataset_2,92.70388097413537
63.554932316687875,,,,,dataset_2,76.26591878002544
35.79320548586523,,,,,dataset_2,42.951846583038275
25.79649947534828,,,,,dataset_2,30.955799370417935
59.39691182639532,,,,,dataset_2,71.27629419167438
70.32782643656239,,,,,dataset_2,84.39339172387487
44.97710670059181,,,,,dataset_2,53.97252804071017
32.20861142624747,,,,,dataset_2,38.65033371149696
41.387267058664655,,,,,dataset_2,49.66472047039758
49.79253811750068,,,,,dataset_2,59.751045741000816
16.594875629253035,,,,,dataset_2,19.913850755103642
53.8618064195421,,,,,dataset_2,64.63416770345052
19.479316126424457,,,,,dataset_2,23.37517935170935
70.84931606271715,,,,,dataset_2,85.01917927526058
38.004244744745186,,,,,dataset_2,45.60509369369422
63.02018800546201,,,,,dataset_2,75.6242256065544
44.79566390539665,,,,,dataset_2,53.75479668647598
49.935314846840285,,,,,dataset_2,59.92237781620834
76.23723773272265,,,,,dataset_2,91.48468527926717
56.08632603072257,,,,,dataset_2,67.30359123686708
76.14700195769078,,,,,dataset_2,91.37640234922893
35.36887182748112,,,,,dataset_2,42.44264619297734
73.49858807600455,,,,,dataset_2,88.19830569120546
49.6783978601239,,,,,dataset_2,59.614077432148676
19.89087626639126,,,,,dataset_2,23.86905151966951
35.469839593149075,,,,,dataset_2,42.56380751177889
44.68920184991765,,,,,dataset_2,53.62704221990118
58.53169818186148,,,,,dataset_2,70.23803781823378
30.90955677130798,,,,,dataset_2,37.09146812556958
59.790832415128335,,,,,dataset_2,71.748998898154
67.03704864838463,,,,,dataset_2,80.44445837806155
58.31637485019917,,,,,dataset_2,69.979649820239
72.22873681296856,,,,,dataset_2,86.67448417556227
69.21903160832723,,,,,dataset_2,83.06283792999267
68.05040044146976,,,,,dataset_2,81.66048052976372
69.69746504785445,,,,,dataset_2,83.63695805742533
56.34333049508869,,,,,dataset_2,67.61199659410643
23.903148187554898,,,,,dataset_2,28.683777825065878
32.56219724960084,,,,,dataset_2,39.07463669952101
50.579366434864994,,,,,dataset_2,60.69523972183799
12.447321191325567,,,,,dataset_2,14.93678542959068
10.386494277748389,,,,,dataset_2,12.463793133298067
58.491360374674905,,,,,dataset_2,70.18963244960989
25.990569697845984,,,,,dataset_2,31.18868363741518
63.34505137999569,,,,,dataset_2,76.01406165599482
25.404612996467733,,,,,dataset_2,30.485535595761277
63.64472520782792,,,,,dataset_2,76.3736702493935
29.579099555611243,,,,,dataset_2,35.49491946673349
74.55541471395011,,,,,dataset_2,89.46649765674013
49.908218074793645,,,,,dataset_2,59.88986168975237
55.1590303773525,,,,,dataset_2,66.19083645282299
18.739258042381053,,,,,dataset_2,22.487109650857263
12.453606366042234,,,,,dataset_2,14.94432763925068
12.420787833877252,,,,,dataset_2,14.904945400652702
13.564169508498743,,,,,dataset_2,16.277003410198493
38.66256002738834,,,,,dataset_2,46.395072032866004
79.2490020391758,,,,,dataset_2,95.09880244701097
38.66293616344669,,,,,dataset_2,46.39552339613602
76.46096666800454,,,,,dataset_2,91.75316000160545
16.043807619116077,,,,,dataset_2,19.25256914293929
37.0837501695627,,,,,dataset_2,44.500500203475234
28.536333129509668,,,,,dataset_2,34.2435997554116
69.74726816132873,,,,,dataset_2,83.69672179359448
78.00428158505528,,,,,dataset_2,93.60513790206633
38.68707615496831,,,,,dataset_2,46.42449138596197
49.39950746686694,,,,,dataset_2,59.27940896024033
44.88834017331017,,,,,dataset_2,53.8660082079722
64.24330222008658,,,,,dataset_2,77.09196266410389
59.46623978161471,,,,,dataset_2,71.35948773793766
76.96010409131418,,,,,dataset_2,92.35212490957701
51.18525413784318,,,,,dataset_2,61.42230496541181
19.559531638285343,,,,,dataset_2,23.47143796594241
44.55706934108969,,,,,dataset_2,53.46848320930762
54.25391805255163,,,,,dataset_2,65.10470166306196
60.191503036251675,,,,,dataset_2,72.22980364350201
49.5649084780837,,,,,dataset_2,59.47789017370044
41.96801823438594,,,,,dataset_2,50.361621881263126
65.9059941160242,,,,,dataset_2,79.08719293922904
28.100284370820887,,,,,dataset_2,33.720341244985065
23.669609777356374,,,,,dataset_2,28.40353173282765
45.405725505291294,,,,,dataset_2,54.48687060634955
37.43238354644261,,,,,dataset_2,44.918860255731126
11.768568420479662,,,,,dataset_2,14.122282104575595
44.50850036257437,,,,,dataset_2,53.41020043508924
51.52071498234591,,,,,dataset_2,61.82485797881509
62.79690210635738,,,,,dataset_2,75.35628252762885
55.67341451611959,,,,,dataset_2,66.80809741934351
15.62409969916727,,,,,dataset_2,18.74891963900072
37.54239762132704,,,,,dataset_2,45.050877145592445
16.898151923366694,,,,,dataset_2,20.27778230804003
73.73440144008157,,,,,dataset_2,88.48128172809788
51.207734877505985,,,,,dataset_2,61.44928185300718
31.51306947625393,,,,,dataset_2,37.81568337150471
21.456786996368713,,,,,dataset_2,25.748144395642456
28.94805703462408,,,,,dataset_2,34.7376684415489
45.16408308860383,,,,,dataset_2,54.196899706324594
74.05308484109295,,,,,dataset_2,88.86370180931154
24.978978936436356,,,,,dataset_2,29.974774723723627
59.84958347762296,,,,,dataset_2,71.81950017314755
50.24518001106806,,,,,dataset_2,60.29421601328167
65.30847434157036,,,,,dataset_2,78.37016920988442
60.848784847637056,,,,,dataset_2,73.01854181716446
63.290277427079495,,,,,dataset_2,75.94833291249539
41.05842632576659,,,,,dataset_2,49.2701115909199
24.51578502957104,,,,,dataset_2,29.418942035485248
21.694472787391017,,,,,dataset_2,26.03336734486922
72.53550228781995,,,,,dataset_2,87.04260274538395
68.96099394972502,,,,,dataset_2,82.75319273967003
58.11303982355152,,,,,dataset_2,69.73564778826182
18.38338617012121,,,,,dataset_2,22.06006340414545
70.16886687330991,,,,,dataset_2,84.20264024797189
68.1779092812005,,,,,dataset_2,81.8134911374406
43.159913990760664,,,,,dataset_2,51.791896788912794
31.46432285745129,,,,,dataset_2,37.75718742894155
37.720338937751094,,,,,dataset_2,45.26440672530131
15.292870726384688,,,,,dataset_2,18.351444871661624
29.352199948957654,,,,,dataset_2,35.22263993874918
77.30438465180706,,,,,dataset_2,92.76526158216846
60.152650599150235,,,,,dataset_2,72.18318071898028
13.65854391220885,,,,,dataset_2,16.39025269465062
43.98035959110535,,,,,dataset_2,52.776431509326414
46.24639146948492,,,,,dataset_2,55.495669763381905
13.931695003765572,,,,,dataset_2,16.718034004518685
46.45071522428346,,,,,dataset_2,55.74085826914015
26.141194704802732,,,,,dataset_2,31.369433645763277
34.9241484167498,,,,,dataset_2,41.90897810009976
65.26260247994657,,,,,dataset_2,78.31512297593588
52.84383825168182,,,,,dataset_2,63.41260590201818
75.29369764364228,,,,,dataset_2,90.35243717237073
79.49606653461781,,,,,dataset_2,95.39527984154137
62.84003655640956,,,,,dataset_2,75.40804386769146
19.350285929584672,,,,,dataset_2,23.220343115501606
42.32787848589341,,,,,dataset_2,50.793454183072086
13.199552400739371,,,,,dataset_2,15.839462880887245
31.466734644751245,,,,,dataset_2,37.76008157370149
25.831468918029937,,,,,dataset_2,30.997762701635924
78.48745997688115,,,,,dataset_2,94.18495197225738
33.72255979034747,,,,,dataset_2,40.46707174841696
64.5704627095227,,,,,dataset_2,77.48455525142724
44.49618728704848,,,,,dataset_2,53.395424744458175
17.006896594156476,,,,,dataset_2,20.408275912987772
47.287194935821674,,,,,dataset_2,56.744633922986004
65.92273239555448,,,,,dataset_2,79.10727887466537
65.44444420184706,,,,,dataset_2,78.53333304221647
41.937047287437245,,,,,dataset_2,50.324456744924696
69.87676192060376,,,,,dataset_2,83.85211430472451
56.54717884315303,,,,,dataset_2,67.85661461178363
32.654874441992746,,,,,dataset_2,39.18584933039129
77.88325686951886,,,,,dataset_2,93.45990824342263
55.16397785940457,,,,,dataset_2,66.19677343128548
23.643133030855793,,,,,dataset_2,28.37175963702695
76.28879985488217,,,,,dataset_2,91.54655982585861
63.404079115045505,,,,,dataset_2,76.0848949380546
21.59766188414808,,,,,dataset_2,25.9171942609777
61.636477491371686,,,,,dataset_2,73.96377298964602
45.66052093037051,,,,,dataset_2,54.79262511644461
30.22681025656303,,,,,dataset_2,36.272172307875636
13.686638925209524,,,,,dataset_2,16.423966710251428
25.717396619369794,,,,,dataset_2,30.86087594324375
39.18106689366336,,,,,dataset_2,47.017280272396036
33.399389753358584,,,,,dataset_2,40.0792677040303
26.686277594699977,,,,,dataset_2,32.02353311363997
39.608938803871,,,,,dataset_2,47.5307265646452
52.36726347719805,,,,,dataset_2,62.840716172637656
40.13602284161074,,,,,dataset_2,48.16322740993289
75.20740754492027,,,,,dataset_2,90.24888905390432
56.07021435564312,,,,,dataset_2,67.28425722677174
19.64246314084409,,,,,dataset_2,23.570955769012908
34.156085813722115,,,,,dataset_2,40.98730297646654
20.79929499171959,,,,,dataset_2,24.95915399006351
45.67896611675039,,,,,dataset_2,54.814759340100466
23.719438335877616,,,,,dataset_2,28.463326003053137
48.69236977145375,,,,,dataset_2,58.430843725744495
19.14565224105909,,,,,dataset_2,22.974782689270906
71.84514602123849,,,,,dataset_2,86.21417522548619
53.61929000127133,,,,,dataset_2,64.34314800152559
71.60536608124224,,,,,dataset_2,85.92643929749069
38.7196399375753,,,,,dataset_2,46.46356792509036
34.355971989042615,,,,,dataset_2,41.22716638685114
23.218258110016333,,,,,dataset_2,27.861909732019598
75.20543600297624,,,,,dataset_2,90.24652320357148
61.34191821041523,,,,,dataset_2,73.61030185249827
62.53719552002433,,,,,dataset_2,75.0446346240292
70.46041049165916,,,,,dataset_2,84.55249258999099
69.15037514368225,,,,,dataset_2,82.9804501724187
54.42775484126532,,,,,dataset_2,65.31330580951838
76.19697328779932,,,,,dataset_2,91.43636794535918
56.124356906027174,,,,,dataset_2,67.3492282872326
12.784881793811929,,,,,dataset_2,15.341858152574314
27.691023291282647,,,,,dataset_2,33.22922794953917
32.13162633027189,,,,,dataset_2,38.55795159632627
55.84235664337289,,,,,dataset_2,67.01082797204747
33.43822227324216,,,,,dataset_2,40.12586672789059
29.82314456732897,,,,,dataset_2,35.78777348079476
68.27919364911702,,,,,dataset_2,81.93503237894042
14.29840056079426,,,,,dataset_2,17.158080672953112
17.99258272316136,,,,,dataset_2,21.59109926779363
78.47873997394463,,,,,dataset_2,94.17448796873354
49.46520628884101,,,,,dataset_2,59.358247546609206
38.72850455892116,,,,,dataset_2,46.47420547070539
11.099495210546552,,,,,dataset_2,13.319394252655862
73.1464295911116,,,,,dataset_2,87.77571550933392
70.11345703155985,,,,,dataset_2,84.13614843787181
47.11998375153918,,,,,dataset_2,56.54398050184702
44.97940477275911,,,,,dataset_2,53.97528572731093
78.56482632564487,,,,,dataset_2,94.27779159077384
59.43608861422157,,,,,dataset_2,71.32330633706587
10.71670544393564,,,,,dataset_2,12.860046532722768
70.76300757432239,,,,,dataset_2,84.91560908918686
74.39410444457535,,,,,dataset_2,89.27292533349042
34.47152285319396,,,,,dataset_2,41.36582742383275
36.01033337838054,,,,,dataset_2,43.212400054056644
21.829907897916183,,,,,dataset_2,26.195889477499417
58.741939581916135,,,,,dataset_2,70.49032749829937
67.61510554598229,,,,,dataset_2,81.13812665517874
48.85908038680254,,,,,dataset_2,58.630896464163044
49.33820262817487,,,,,dataset_2,59.20584315380984
46.170918988469595,,,,,dataset_2,55.40510278616351
39.66219279500432,,,,,dataset_2,47.59463135400519
28.5881972306505,,,,,dataset_2,34.3058366767806
63.63834303003125,,,,,dataset_2,76.3660116360375
53.261611785924494,,,,,dataset_2,63.91393414310939
28.470116513873386,,,,,dataset_2,34.16413981664806
47.029366555326085,,,,,dataset_2,56.4352398663913
19.603620722726383,,,,,dataset_2,23.524344867271658
71.18672422408704,,,,,dataset_2,85.42406906890444
36.62575874012391,,,,,dataset_2,43.95091048814869
52.51587429467051,,,,,dataset_2,63.01904915360461
55.314868382287365,,,,,dataset_2,66.37784205874483
68.54032451515606,,,,,dataset_2,82.24838941818727
58.04935506057443,,,,,dataset_2,69.65922607268931
24.09487534027998,,,,,dataset_2,28.913850408335975
60.897904984135295,,,,,dataset_2,73.07748598096235
21.45899091918115,,,,,dataset_2,25.75078910301738
17.45569885906601,,,,,dataset_2,20.946838630879213
74.3564244570547,,,,,dataset_2,89.22770934846564
29.40629290644893,,,,,dataset_2,35.28755148773871
79.18625981486748,,,,,dataset_2,95.02351177784098
36.82635977334931,,,,,dataset_2,44.19163172801917
29.55214820282107,,,,,dataset_2,35.46257784338528
18.58391193755046,,,,,dataset_2,22.30069432506055
26.89062819813777,,,,,dataset_2,32.268753837765324
23.660864912870707,,,,,dataset_2,28.39303789544485
45.56852112501914,,,,,dataset_2,54.68222535002297
76.10016598972054,,,,,dataset_2,91.32019918766464
17.22977277500999,,,,,dataset_2,20.675727330011988
47.502565538132096,,,,,dataset_2,57.003078645758514
17.614337093838465,,,,,dataset_2,21.137204512606157
33.71709640003521,,,,,dataset_2,40.46051568004225
28.61872691658548,,,,,dataset_2,34.342472299902575
22.77832054392471,,,,,dataset_2,27.333984652709653
43.775178613997426,,,,,dataset_2,52.53021433679691
69.65046909638814,,,,,dataset_2,83.58056291566577
12.948556348881189,,,,,dataset_2,15.538267618657425
51.23874456430183,,,,,dataset_2,61.4864934771622
68.8190774577467,,,,,dataset_2,82.58289294929604
25.29511063648538,,,,,dataset_2,30.354132763782452
67.43954292428037,,,,,dataset_2,80.92745150913645
61.98358015049908,,,,,dataset_2,74.38029618059889
66.31143398861562,,,,,dataset_2,79.57372078633874
56.73622823777282,,,,,dataset_2,68.08347388532738
59.03062507862398,,,,,dataset_2,70.83675009434877
77.48736998751806,,,,,dataset_2,92.98484398502167
79.36629589030748,,,,,dataset_2,95.23955506836897
55.25823780769172,,,,,dataset_2,66.30988536923006
49.02142700439428,,,,,dataset_2,58.82571240527314
24.619338862881825,,,,,dataset_2,29.54320663545819
31.616728683554832,,,,,dataset_2,37.940074420265795
19.249881154674263,,,,,dataset_2,23.099857385609116
32.785161602290074,,,,,dataset_2,39.34219392274809
12.582000331864586,,,,,dataset_2,15.098400398237503
45.35405053117274,,,,,dataset_2,54.424860637407285
28.236737656788428,,,,,dataset_2,33.88408518814611
54.14101827527224,,,,,dataset_2,64.96922193032668
79.31625781929787,,,,,dataset_2,95.17950938315745
10.373186474115917,,,,,dataset_2,12.4478237689391
10.699912960952926,,,,,dataset_2,12.83989555314351
24.404342898982513,,,,,dataset_2,29.285211478779015
52.656831350930126,,,,,dataset_2,63.188197621116146
50.67006901098635,,,,,dataset_2,60.80408281318362
51.79554204131248,,,,,dataset_2,62.15465044957497
39.63760224208309,,,,,dataset_2,47.565122690499706
39.498279139649526,,,,,dataset_2,47.39793496757943
44.14038236746478,,,,,dataset_2,52.96845884095774
43.58099351382034,,,,,dataset_2,52.297192216584406
10.91120853710499,,,,,dataset_2,13.093450244525988
66.17509642574339,,,,,dataset_2,79.41011571089207
71.70975044001693,,,,,dataset_2,86.05170052802032
67.38061425443469,,,,,dataset_2,80.85673710532163
67.99114425431311,,,,,dataset_2,81.58937310517574
37.672265484755,,,,,dataset_2,45.206718581706
14.450224328408442,,,,,dataset_2,17.34026919409013
63.01454255419133,,,,,dataset_2,75.6174510650296
50.13270599156935,,,,,dataset_2,60.15924718988322
26.26905317604592,,,,,dataset_2,31.5228638112551
72.94282682686861,,,,,dataset_2,87.53139219224234
34.52480377042362,,,,,dataset_2,41.429764524508336
32.594982897843245,,,,,dataset_2,39.113979477411895
47.19160011397823,,,,,dataset_2,56.629920136773876
49.41416805378055,,,,,dataset_2,59.29700166453666
64.70914273059263,,,,,dataset_2,77.65097127671116
71.58162445693432,,,,,dataset_2,85.89794934832118
21.810687911536913,,,,,dataset_2,26.172825493844297
44.19636186758916,,,,,dataset_2,53.03563424110699
57.78762749162669,,,,,dataset_2,69.34515298995203
34.997501142389225,,,,,dataset_2,41.99700137086707
65.4269711252999,,,,,dataset_2,78.51236535035987
57.80774343164517,,,,,dataset_2,69.3692921179742
58.471479118260895,,,,,dataset_2,70.16577494191307
67.6927740423551,,,,,dataset_2,81.23132885082612
44.51704853276527,,,,,dataset_2,53.42045823931833
56.97604915301943,,,,,dataset_2,68.37125898362332
59.61565493421826,,,,,dataset_2,71.53878592106192
70.01741200455538,,,,,dataset_2,84.02089440546645
24.394010659073828,,,,,dataset_2,29.272812790888594
28.324581598729345,,,,,dataset_2,33.989497918475216
12.260618106249636,,,,,dataset_2,14.712741727499562
77.6653292772902,,,,,dataset_2,93.19839513274823
59.59268082984622,,,,,dataset_2,71.51121699581546
20.326235004849952,,,,,dataset_2,24.39148200581994
40.47399102639001,,,,,dataset_2,48.56878923166801
34.39084544789843,,,,,dataset_2,41.269014537478114
41.07053223483213,,,,,dataset_2,49.284638681798555
51.189218682874255,,,,,dataset_2,61.4270624194491
77.7601915414272,,,,,dataset_2,93.31222984971264
10.824363911075164,,,,,dataset_2,12.989236693290197
37.45346436150188,,,,,dataset_2,44.94415723380225
51.3301468373044,,,,,dataset_2,61.59617620476527
41.806900004069576,,,,,dataset_2,50.16828000488349
19.303201786309653,,,,,dataset_2,23.163842143571582
29.72958568670464,,,,,dataset_2,35.675502824045566
48.413442945495945,,,,,dataset_2,58.09613153459513
71.73603752922293,,,,,dataset_2,86.0832450350675
43.54236925105466,,,,,dataset_2,52.25084310126559
20.22562540236526,,,,,dataset_2,24.270750482838313
13.398617924417175,,,,,dataset_2,16.07834150930061
42.44171028079987,,,,,dataset_2,50.93005233695984
31.413145622775335,,,,,dataset_2,37.695774747330404
66.30061592800047,,,,,dataset_2,79.56073911360056
22.817062125508727,,,,,dataset_2,27.380474550610472
51.558760743234465,,,,,dataset_2,61.870512891881354
26.092191879539634,,,,,dataset_2,31.31063025544756
14.203302436734187,,,,,dataset_2,17.043962924081026
54.220754702752586,,,,,dataset_2,65.0649056433031
40.2904444127877,,,,,dataset_2,48.34853329534524
26.80899039794379,,,,,dataset_2,32.17078847753255
10.912915524005545,,,,,dataset_2,13.095498628806654
53.46863377236184,,,,,dataset_2,64.1623605268342
38.54918001714125,,,,,dataset_2,46.259016020569504
58.41028178939398,,,,,dataset_2,70.09233814727277
14.4915659145613,,,,,dataset_2,17.389879097473557
43.17494874613136,,,,,dataset_2,51.809938495357635
33.67988872157705,,,,,dataset_2,40.41586646589246
23.48684097268295,,,,,dataset_2,28.18420916721954
66.0265579530604,,,,,dataset_2,79.23186954367249
14.888111240297036,,,,,dataset_2,17.865733488356444
23.27663787056457,,,,,dataset_2,27.931965444677484
11.70326540300326,,,,,dataset_2,14.04391848360391
45.66667676759552,,,,,dataset_2,54.80001212111462
27.033185239366265,,,,,dataset_2,32.439822287239515
30.78370479211477,,,,,dataset_2,36.94044575053772
61.91049264293281,,,,,dataset_2,74.29259117151936
18.629993924094,,,,,dataset_2,22.355992708912797
70.63893053625827,,,,,dataset_2,84.76671664350992
21.47718843378137,,,,,dataset_2,25.772626120537645
51.7402014107811,,,,,dataset_2,62.088241692937316
64.43449136956005,,,,,dataset_2,77.32138964347206
10.762481578593457,,,,,dataset_2,12.914977894312148
77.21541983277348,,,,,dataset_2,92.65850379932817
19.24355902725472,,,,,dataset_2,23.092270832705662
39.80612791525326,,,,,dataset_2,47.76735349830391
44.78994995529239,,,,,dataset_2,53.74793994635087
12.995890191580385,,,,,dataset_2,15.59506822989646
29.530669622285497,,,,,dataset_2,35.436803546742595
71.3773796674015,,,,,dataset_2,85.6528556008818
47.32116187247664,,,,,dataset_2,56.78539424697196
69.6119650797972,,,,,dataset_2,83.53435809575664
53.0195307586453,,,,,dataset_2,63.62343691037436
33.886628395580814,,,,,dataset_2,40.663954074696974
50.720115140872934,,,,,dataset_2,60.86413816904752
34.31224452495695,,,,,dataset_2,41.17469342994834
15.689991430890236,,,,,dataset_2,18.827989717068284
22.434383052040165,,,,,dataset_2,26.921259662448197
14.324845860160556,,,,,dataset_2,17.189815032192666
31.88812515225585,,,,,dataset_2,38.265750182707016
36.496543961555645,,,,,dataset_2,43.795852753866775
31.486398599063453,,,,,dataset_2,37.78367831887614
21.99694181730778,,,,,dataset_2,26.396330180769333
69.96603337284614,,,,,dataset_2,83.95924004741536
45.03258879250757,,,,,dataset_2,54.03910655100908
35.69145350944585,,,,,dataset_2,42.82974421133502
26.15393936152571,,,,,dataset_2,31.384727233830848
63.12625200443285,,,,,dataset_2,75.75150240531941
25.291350386276477,,,,,dataset_2,30.34962046353177
33.03928774364516,,,,,dataset_2,39.64714529237419
42.76680997394826,,,,,dataset_2,51.32017196873792
10.628122123474627,,,,,dataset_2,12.753746548169552
15.83828380510042,,,,,dataset_2,19.005940566120504
68.13861564911798,,,,,dataset_2,81.76633877894157
10.00326243197702,,,,,dataset_2,12.003914918372425
17.85209647108377,,,,,dataset_2,21.42251576530052
71.73270009921451,,,,,dataset_2,86.07924011905742
48.14327821145725,,,,,dataset_2,57.7719338537487
76.1006902776747,,,,,dataset_2,91.32082833320963
45.745175378099034,,,,,dataset_2,54.89421045371884
64.09056344865598,,,,,dataset_2,76.90867613838718
18.84426962803695,,,,,dataset_2,22.61312355364434
36.20929963528824,,,,,dataset_2,43.451159562345886
60.08924880511291,,,,,dataset_2,72.10709856613549
10.393388291698184,,,,,dataset_2,12.47206595003782
40.159505978163295,,,,,dataset_2,48.19140717379595
40.411231896933415,,,,,dataset_2,48.4934782763201
68.65165188952966,,,,,dataset_2,82.38198226743559
36.07376026066025,,,,,dataset_2,43.2885123127923
77.88674248794368,,,,,dataset_2,93.46409098553241
77.94762618877353,,,,,dataset_2,93.53715142652823
67.10846182087118,,,,,dataset_2,80.53015418504542
79.82451367037295,,,,,dataset_2,95.78941640444754
75.49659025660436,,,,,dataset_2,90.59590830792523
71.33218439703553,,,,,dataset_2,85.59862127644264
44.11192498585579,,,,,dataset_2,52.93430998302694
70.11883727201992,,,,,dataset_2,84.1426047264239
13.364777009485731,,,,,dataset_2,16.037732411382876
34.395582661047186,,,,,dataset_2,41.27469919325662
32.3248441369707,,,,,dataset_2,38.789812964364835
34.181661652633586,,,,,dataset_2,41.0179939831603
29.122059284616636,,,,,dataset_2,34.94647114153996
25.11512967569002,,,,,dataset_2,30.138155610828022
20.002042042151448,,,,,dataset_2,24.002450450581737
67.49840536578054,,,,,dataset_2,80.99808643893665
62.16512467237512,,,,,dataset_2,74.59814960685014
37.72815755745562,,,,,dataset_2,45.27378906894674
78.31247049629225,,,,,dataset_2,93.9749645955507
13.04715870050634,,,,,dataset_2,15.656590440607609
24.14791186369444,,,,,dataset_2,28.977494236433326
47.770863246801824,,,,,dataset_2,57.325035896162184
63.00028686409492,,,,,dataset_2,75.6003442369139
40.65399734091878,,,,,dataset_2,48.78479680910253
48.79205907609576,,,,,dataset_2,58.55047089131491
76.37009884606384,,,,,dataset_2,91.64411861527661
34.18244931515591,,,,,dataset_2,41.01893917818709
40.330461314799166,,,,,dataset_2,48.396553577759
44.03188793018443,,,,,dataset_2,52.83826551622132
54.05264701457325,,,,,dataset_2,64.8631764174879
26.00738208776211,,,,,dataset_2,31.20885850531453
11.577346590408204,,,,,dataset_2,13.892815908489846
13.311078345609548,,,,,dataset_2,15.973294014731458
53.72723458042393,,,,,dataset_2,64.47268149650871
38.06313102493225,,,,,dataset_2,45.675757229918695
70.78626593372819,,,,,dataset_2,84.94351912047382
32.41444774216782,,,,,dataset_2,38.897337290601385
42.78486250312623,,,,,dataset_2,51.34183500375147
78.82917165758725,,,,,dataset_2,94.5950059891047
20.740390105349512,,,,,dataset_2,24.888468126419415
36.567604511758866,,,,,dataset_2,43.881125414110635
19.19020195267088,,,,,dataset_2,23.028242343205054
29.674913631265063,,,,,dataset_2,35.609896357518075
66.25673999470392,,,,,dataset_2,79.50808799364471
31.810658281440737,,,,,dataset_2,38.172789937728886
62.64467739184731,,,,,dataset_2,75.17361287021677
20.78753435188502,,,,,dataset_2,24.945041222262024
14.792939332030194,,,,,dataset_2,17.751527198436232
14.7200792469342,,,,,dataset_2,17.664095096321038
78.51445550030233,,,,,dataset_2,94.2173466003628
56.17391199644506,,,,,dataset_2,67.40869439573406
54.2012375253954,,,,,dataset_2,65.04148503047448
63.021286663730486,,,,,dataset_2,75.62554399647658
10.56289601725414,,,,,dataset_2,12.675475220704968
27.288059721794696,,,,,dataset_2,32.74567166615363
19.92151272551788,,,,,dataset_2,23.905815270621453
24.362088204248316,,,,,dataset_2,29.234505845097978
54.33539809550704,,,,,dataset_2,65.20247771460845
30.83442475560428,,,,,dataset_2,37.00130970672514
63.60112887125566,,,,,dataset_2,76.32135464550679
40.02074390154389,,,,,dataset_2,48.02489268185266
78.73112105405643,,,,,dataset_2,94.47734526486771
79.32254096500334,,,,,dataset_2,95.187049158004
71.71619580020075,,,,,dataset_2,86.05943496024089
15.898548007163534,,,,,dataset_2,19.07825760859624
12.20995720981971,,,,,dataset_2,14.65194865178365
51.43282817046675,,,,,dataset_2,61.7193938045601
14.551324834706843,,,,,dataset_2,17.461589801648213
35.75830531687829,,,,,dataset_2,42.90996638025395
57.10265997189137,,,,,dataset_2,68.52319196626964
54.44179606869679,,,,,dataset_2,65.33015528243614
13.762699636623188,,,,,dataset_2,16.515239563947823
73.38715387822893,,,,,dataset_3,88.06458465387472
45.751909691223155,,,,,dataset_3,54.90229162946778
79.37656116528021,,,,,dataset_3,95.25187339833624
18.723449473981987,,,,,dataset_3,22.468139368778385
37.328537097051395,,,,,dataset_3,44.794244516461674
14.227905737136078,,,,,dataset_3,17.073486884563295
66.2080583992583,,,,,dataset_3,79.44967007910996
67.1365106095387,,,,,dataset_3,80.56381273144645
73.64103586479766,,,,,dataset_3,88.36924303775719
10.262272474284334,,,,,dataset_3,12.3147269691412
25.815643335344557,,,,,dataset_3,30.978772002413468
38.487381970341,,,,,dataset_3,46.184858364409195
22.68087032879663,,,,,dataset_3,27.217044394555955
22.0714135576227,,,,,dataset_3,26.48569626914724
30.29171988857584,,,,,dataset_3,36.35006386629101
24.14671426570803,,,,,dataset_3,28.976057118849635
30.97154579457324,,,,,dataset_3,37.16585495348789
68.67817547500857,,,,,dataset_3,82.41381057001028
30.87513484647327,,,,,dataset_3,37.05016181576792
44.77069917729222,,,,,dataset_3,53.724839012750664
47.181729087093245,,,,,dataset_3,56.61807490451189
54.324055030151,,,,,dataset_3,65.1888660361812
56.6790400615135,,,,,dataset_3,68.0148480738162
60.98422166337097,,,,,dataset_3,73.18106599604516
53.44547102466869,,,,,dataset_3,64.13456522960243
14.582017340801269,,,,,dataset_3,17.498420808961523
65.94938023825284,,,,,dataset_3,79.13925628590341
65.64593182878303,,,,,dataset_3,78.77511819453964
12.109059843274412,,,,,dataset_3,14.530871811929295
46.537715358693546,,,,,dataset_3,55.84525843043225
59.120412235704535,,,,,dataset_3,70.94449468284544
32.99326727043979,,,,,dataset_3,39.591920724527746
50.9909249816061,,,,,dataset_3,61.189109977927316
44.83271900516835,,,,,dataset_3,53.799262806202016
12.66000172716339,,,,,dataset_3,15.192002072596068
44.862411516203544,,,,,dataset_3,53.834893819444254
23.200932389512325,,,,,dataset_3,27.84111886741479
16.909145041544818,,,,,dataset_3,20.29097404985378
46.80604483630028,,,,,dataset_3,56.167253803560335
58.16141556336227,,,,,dataset_3,69.79369867603472
36.75458670803464,,,,,dataset_3,44.10550404964156
49.79186923001998,,,,,dataset_3,59.75024307602397
41.164053940938075,,,,,dataset_3,49.39686472912569
62.76749143387622,,,,,dataset_3,75.32098972065147
26.648267415724593,,,,,dataset_3,31.97792089886951
42.67098793432224,,,,,dataset_3,51.205185521186685
60.736648528188454,,,,,dataset_3,72.88397823382614
78.4403580334408,,,,,dataset_3,94.12842964012896
77.16841384869731,,,,,dataset_3,92.60209661843678
54.291359841133165,,,,,dataset_3,65.14963180935979
27.918169631537104,,,,,dataset_3,33.501803557844525
14.660315952994916,,,,,dataset_3,17.5923791435939
10.478588485764206,,,,,dataset_3,12.574306182917047
10.164894403008192,,,,,dataset_3,12.19787328360983
23.484437573443977,,,,,dataset_3,28.18132508813277
63.45962927388737,,,,,dataset_3,76.15155512866484
35.071640423070136,,,,,dataset_3,42.085968507684164
47.5136965687556,,,,,dataset_3,57.01643588250672
19.398527733101737,,,,,dataset_3,23.278233279722084
12.645162472934222,,,,,dataset_3,15.174194967521066
34.145471366054515,,,,,dataset_3,40.974565639265414
78.1340102976895,,,,,dataset_3,93.7608123572274
49.03043451614499,,,,,dataset_3,58.83652141937399
50.44052413592614,,,,,dataset_3,60.528628963111366
68.67265786962125,,,,,dataset_3,82.40718944354549
79.44365528980624,,,,,dataset_3,95.3323863477675
27.84390690338296,,,,,dataset_3,33.41268828405955
37.329989183439864,,,,,dataset_3,44.79598702012783
47.389518462870576,,,,,dataset_3,56.86742215544469
42.7474982652808,,,,,dataset_3,51.296997918336956
28.52148051020863,,,,,dataset_3,34.22577661225036
43.46892756291722,,,,,dataset_3,52.16271307550067
33.670321672259384,,,,,dataset_3,40.404386006711256
31.91165844153587,,,,,dataset_3,38.293990129843046
61.58778307675843,,,,,dataset_3,73.9053396921101
70.33803298333089,,,,,dataset_3,84.40563957999707
75.2200976558187,,,,,dataset_3,90.26411718698245
64.27260581017617,,,,,dataset_3,77.1271269722114
75.42312149605596,,,,,dataset_3,90.50774579526714
56.980225780342984,,,,,dataset_3,68.37627093641157
24.79681459661544,,,,,dataset_3,29.75617751593853
26.067103617555443,,,,,dataset_3,31.28052434106653
26.335850519051142,,,,,dataset_3,31.60302062286137
59.92624400589152,,,,,dataset_3,71.91149280706982
16.963641620386454,,,,,dataset_3,20.356369944463744
75.82254934221544,,,,,dataset_3,90.98705921065853
43.872058867103675,,,,,dataset_3,52.646470640524406
60.199233014302216,,,,,dataset_3,72.23907961716266
10.438855393625175,,,,,dataset_3,12.52662647235021
67.04141970962029,,,,,dataset_3,80.44970365154434
43.08823946679793,,,,,dataset_3,51.70588736015751
36.52759014808841,,,,,dataset_3,43.83310817770609
50.451274705957104,,,,,dataset_3,60.54152964714852
62.459657875079834,,,,,dataset_3,74.9515894500958
19.745830105505306,,,,,dataset_3,23.694996126606366
21.95662438547054,,,,,dataset_3,26.347949262564647
10.070836428498463,,,,,dataset_3,12.085003714198155
25.463189159747355,,,,,dataset_3,30.555826991696826
22.322661377785057,,,,,dataset_3,26.78719365334207
59.16264442844454,,,,,dataset_3,70.99517331413344
58.45456826098976,,,,,dataset_3,70.14548191318771
45.10212397561154,,,,,dataset_3,54.12254877073385
65.01736784853577,,,,,dataset_3,78.02084141824292
66.90918080793426,,,,,dataset_3,80.29101696952111
13.8889719028138,,,,,dataset_3,16.66676628337656
45.483477369385646,,,,,dataset_3,54.58017284326277
25.23491108416827,,,,,dataset_3,30.281893301001922
38.76500362356616,,,,,dataset_3,46.51800434827939
68.98486721219919,,,,,dataset_3,82.78184065463903
61.19840779970731,,,,,dataset_3,73.43808935964877
25.41383116011417,,,,,dataset_3,30.496597392137005
18.695359772305185,,,,,dataset_3,22.43443172676622
73.21969264595306,,,,,dataset_3,87.86363117514367
10.549290116824606,,,,,dataset_3,12.659148140189528
46.26894284657668,,,,,dataset_3,55.52273141589201
73.62041942070292,,,,,dataset_3,88.3445033048435
39.2175645649948,,,,,dataset_3,47.06107747799376
60.29982628960235,,,,,dataset_3,72.35979154752282
47.98112324124453,,,,,dataset_3,57.57734788949344
55.75704466845864,,,,,dataset_3,66.90845360215036
66.24412568094428,,,,,dataset_3,79.49295081713313
28.769101943132593,,,,,dataset_3,34.52292233175911
62.80176382007211,,,,,dataset_3,75.36211658408654
71.47449548633418,,,,,dataset_3,85.76939458360101
24.42984754921207,,,,,dataset_3,29.31581705905448
79.36839627968524,,,,,dataset_3,95.24207553562229
47.13630805830006,,,,,dataset_3,56.56356966996007
54.172204825499406,,,,,dataset_3,65.00664579059928
38.81915161299695,,,,,dataset_3,46.58298193559634
33.552650888857336,,,,,dataset_3,40.2631810666288
12.375685869089034,,,,,dataset_3,14.85082304290684
26.164439933412403,,,,,dataset_3,31.39732792009488
76.93770926271799,,,,,dataset_3,92.32525111526158
36.73951717942704,,,,,dataset_3,44.087420615312446
27.04221725298672,,,,,dataset_3,32.45066070358406
42.694686845167475,,,,,dataset_3,51.233624214200965
76.25444931719022,,,,,dataset_3,91.50533918062827
76.4018987826704,,,,,dataset_3,91.68227853920448
53.89999620252272,,,,,dataset_3,64.67999544302727
48.95376195817915,,,,,dataset_3,58.74451434981498
21.969635223054738,,,,,dataset_3,26.363562267665685
64.57977891017777,,,,,dataset_3,77.49573469221332
22.118181661592423,,,,,dataset_3,26.541817993910907
10.07676502478835,,,,,dataset_3,12.092118029746018
21.246862735166783,,,,,dataset_3,25.49623528220014
27.3780325362155,,,,,dataset_3,32.8536390434586
64.8432798361365,,,,,dataset_3,77.8119358033638
10.417219399252993,,,,,dataset_3,12.500663279103591
34.08910562371388,,,,,dataset_3,40.90692674845665
37.88329264888563,,,,,dataset_3,45.459951178662756
28.62583819426263,,,,,dataset_3,34.35100583311515
31.500311709923736,,,,,dataset_3,37.800374051908484
11.54457709646277,,,,,dataset_3,13.853492515755324
27.42631505271124,,,,,dataset_3,32.91157806325349
78.25689313289745,,,,,dataset_3,93.90827175947693
47.50465291956834,,,,,dataset_3,57.00558350348201
76.27720758481836,,,,,dataset_3,91.53264910178203
24.291149568103428,,,,,dataset_3,29.14937948172411
50.88190953038601,,,,,dataset_3,61.05829143646321
42.929835672886036,,,,,dataset_3,51.51580280746324
44.0993725215881,,,,,dataset_3,52.91924702590572
14.0505358298174,,,,,dataset_3,16.86064299578088
30.896303684007567,,,,,dataset_3,37.07556442080908
22.88966707132922,,,,,dataset_3,27.467600485595064
69.05452927219295,,,,,dataset_3,82.86543512663154
46.666264762959145,,,,,dataset_3,55.99951771555097
29.941899373625187,,,,,dataset_3,35.930279248350224
40.09857868657972,,,,,dataset_3,48.11829442389566
62.10795126312112,,,,,dataset_3,74.52954151574535
54.816324130780224,,,,,dataset_3,65.77958895693627
36.629969221270336,,,,,dataset_3,43.9559630655244
11.686404205703514,,,,,dataset_3,14.023685046844216
12.330988232308172,,,,,dataset_3,14.797185878769806
62.99259644716931,,,,,dataset_3,75.59111573660317
56.79085096219368,,,,,dataset_3,68.14902115463241
25.80164645427945,,,,,dataset_3,30.961975745135337
41.71849059258892,,,,,dataset_3,50.06218871110671
43.60462513499018,,,,,dataset_3,52.32555016198821
49.59479625594776,,,,,dataset_3,59.51375550713731
48.35695795473507,,,,,dataset_3,58.02834954568208
64.0807905838987,,,,,dataset_3,76.89694870067844
37.762470904292144,,,,,dataset_3,45.31496508515057
63.80551429302438,,,,,dataset_3,76.56661715162926
14.17380071495987,,,,,dataset_3,17.008560857951846
74.81427439804821,,,,,dataset_3,89.77712927765785
55.92898173441675,,,,,dataset_3,67.1147780813001
72.37786370130695,,,,,dataset_3,86.85343644156833
62.1766480106102,,,,,dataset_3,74.61197761273223
26.531041650739716,,,,,dataset_3,31.83724998088766
76.51965696740616,,,,,dataset_3,91.8235883608874
31.092217799012744,,,,,dataset_3,37.31066135881529
55.34256514560411,,,,,dataset_3,66.41107817472493
74.75215780014025,,,,,dataset_3,89.7025893601683
69.47566188941454,,,,,dataset_3,83.37079426729744
79.81073774329144,,,,,dataset_3,95.77288529194972
20.00015904904076,,,,,dataset_3,24.000190858848914
35.944520470029076,,,,,dataset_3,43.13342456403489
16.084435709483692,,,,,dataset_3,19.30132285138043
32.61888721363408,,,,,dataset_3,39.1426646563609
46.85511145442202,,,,,dataset_3,56.22613374530643
21.77980078541148,,,,,dataset_3,26.13576094249378
74.62401942292865,,,,,dataset_3,89.54882330751438
57.52926462836983,,,,,dataset_3,69.0351175540438
25.08514794352447,,,,,dataset_3,30.102177532229362
11.838005364845124,,,,,dataset_3,14.205606437814149
66.0479838929842,,,,,dataset_3,79.25758067158104
30.5218969411473,,,,,dataset_3,36.62627632937676
60.72682467448336,,,,,dataset_3,72.87218960938003
53.58430996667866,,,,,dataset_3,64.30117196001439
53.0142866408987,,,,,dataset_3,63.61714396907844
61.73489935876521,,,,,dataset_3,74.08187923051825
31.091414605581708,,,,,dataset_3,37.309697526698045
33.372811589726645,,,,,dataset_3,40.047373907671975
73.5784113859736,,,,,dataset_3,88.29409366316831
60.321586124028535,,,,,dataset_3,72.38590334883423
53.40313287331119,,,,,dataset_3,64.08375944797343
50.31116758270515,,,,,dataset_3,60.37340109924618
32.78069520338262,,,,,dataset_3,39.33683424405914
71.01966289579595,,,,,dataset_3,85.22359547495513
48.09192074154392,,,,,dataset_3,57.71030488985271
18.9623617516583,,,,,dataset_3,22.75483410198996
49.33865425027171,,,,,dataset_3,59.206385100326045
16.571638391008754,,,,,dataset_3,19.885966069210504
58.58473809739188,,,,,dataset_3,70.30168571687025
23.407758899188963,,,,,dataset_3,28.089310679026756
51.98355520576017,,,,,dataset_3,62.3802662469122
72.01883563431497,,,,,dataset_3,86.42260276117796
15.08399749383329,,,,,dataset_3,18.10079699259995
58.2709217368216,,,,,dataset_3,69.92510608418591
75.7288617384219,,,,,dataset_3,90.87463408610627
25.497646228124857,,,,,dataset_3,30.59717547374983
42.62316528492423,,,,,dataset_3,51.14779834190907
17.6310842401535,,,,,dataset_3,21.157301088184198
55.502843806794054,,,,,dataset_3,66.60341256815286
42.47210768070405,,,,,dataset_3,50.966529216844854
12.809309988756716,,,,,dataset_3,15.37117198650806
46.09538658640258,,,,,dataset_3,55.3144639036831
63.38716679012093,,,,,dataset_3,76.06460014814512
51.8450880734907,,,,,dataset_3,62.21410568818884
31.70230735594188,,,,,dataset_3,38.04276882713025
40.50925705254765,,,,,dataset_3,48.611108463057185
58.97217289279259,,,,,dataset_3,70.76660747135111
61.51420553543201,,,,,dataset_3,73.8170466425184
72.2989750583195,,,,,dataset_3,86.7587700699834
32.04587823862488,,,,,dataset_3,38.45505388634985
47.59222726513648,,,,,dataset_3,57.11067271816378
39.301896618633734,,,,,dataset_3,47.16227594236048
11.832062747374028,,,,,dataset_3,14.198475296848834
42.16794513070106,,,,,dataset_3,50.60153415684127
53.75759617261548,,,,,dataset_3,64.50911540713857
53.40772441189035,,,,,dataset_3,64.08926929426842
25.652205657929898,,,,,dataset_3,30.782646789515876
16.583822996851197,,,,,dataset_3,19.900587596221435
58.79492140842145,,,,,dataset_3,70.55390569010574
67.6643156879864,,,,,dataset_3,81.19717882558368
77.91048625846304,,,,,dataset_3,93.49258351015564
58.45028664840946,,,,,dataset_3,70.14034397809135
58.54831560479666,,,,,dataset_3,70.25797872575599
68.29227545361672,,,,,dataset_3,81.95073054434006
24.46959129943704,,,,,dataset_3,29.36350955932445
16.939850869298596,,,,,dataset_3,20.327821043158313
72.61063248499741,,,,,dataset_3,87.13275898199689
72.52816323606447,,,,,dataset_3,87.03379588327736
45.278618059254825,,,,,dataset_3,54.33434167110579
27.307481770479725,,,,,dataset_3,32.76897812457567
71.53622465510705,,,,,dataset_3,85.84346958612845
36.616147870626115,,,,,dataset_3,43.93937744475134
19.382744698914543,,,,,dataset_3,23.25929363869745
51.927866152975994,,,,,dataset_3,62.31343938357119
60.12356402507595,,,,,dataset_3,72.14827683009113
28.325687429799387,,,,,dataset_3,33.99082491575926
16.91807447047929,,,,,dataset_3,20.301689364575147
68.34681103084299,,,,,dataset_3,82.01617323701159
69.4993525901791,,,,,dataset_3,83.39922310821491
19.22987656912016,,,,,dataset_3,23.075851882944193
57.23724984964306,,,,,dataset_3,68.68469981957166
62.20951901846334,,,,,dataset_3,74.65142282215601
69.8410232200176,,,,,dataset_3,83.80922786402112
47.260985991012525,,,,,dataset_3,56.71318318921503
40.85770743144748,,,,,dataset_3,49.02924891773697
48.502742169251775,,,,,dataset_3,58.203290603102126
31.202242888377004,,,,,dataset_3,37.4426914660524
49.545046222524,,,,,dataset_3,59.454055467028795
58.00850331575058,,,,,dataset_3,69.6102039789007
33.90542440269395,,,,,dataset_3,40.686509283232745
19.92012491938741,,,,,dataset_3,23.90414990326489
35.91180692821861,,,,,dataset_3,43.09416831386233
56.39282996967946,,,,,dataset_3,67.67139596361535
27.985223199615575,,,,,dataset_3,33.58226783953869
75.32782151376186,,,,,dataset_3,90.39338581651423
54.53405768666401,,,,,dataset_3,65.44086922399681
16.54051648173438,,,,,dataset_3,19.848619778081254
51.93250591132869,,,,,dataset_3,62.31900709359442
28.4486480474959,,,,,dataset_3,34.13837765699508
62.24172438885488,,,,,dataset_3,74.69006926662585
26.559151849408977,,,,,dataset_3,31.87098221929077
79.05676797532398,,,,,dataset_3,94.86812157038877
27.826693180919516,,,,,dataset_3,33.392031817103415
18.134886989415996,,,,,dataset_3,21.761864387299195
12.156230056723173,,,,,dataset_3,14.587476068067806
10.824440398059457,,,,,dataset_3,12.989328477671348
65.4647620423484,,,,,dataset_3,78.55771445081807
65.30207309426731,,,,,dataset_3,78.36248771312077
26.39788297817573,,,,,dataset_3,31.677459573810875
76.77300661795859,,,,,dataset_3,92.1276079415503
33.70137834405999,,,,,dataset_3,40.441654012871986
60.79879986558836,,,,,dataset_3,72.95855983870602
60.20411393300418,,,,,dataset_3,72.24493671960501
23.79788274106989,,,,,dataset_3,28.55745928928387
10.989403759097693,,,,,dataset_3,13.18728451091723
12.772002479584366,,,,,dataset_3,15.326402975501239
42.30104642697633,,,,,dataset_3,50.76125571237159
77.44048323671835,,,,,dataset_3,92.92857988406202
19.23223203875842,,,,,dataset_3,23.0786784465101
62.82994838348682,,,,,dataset_3,75.39593806018418
37.06714382336577,,,,,dataset_3,44.48057258803892
27.495460052908808,,,,,dataset_3,32.994552063490566
54.88918734670387,,,,,dataset_3,65.86702481604465
78.81471273962356,,,,,dataset_3,94.57765528754827
43.361056740790126,,,,,dataset_3,52.03326808894815
12.641455591070835,,,,,dataset_3,15.169746709285002
36.06139000232008,,,,,dataset_3,43.2736680027841
25.314751661213133,,,,,dataset_3,30.37770199345576
23.391262657546896,,,,,dataset_3,28.069515189056276
65.41827038092867,,,,,dataset_3,78.50192445711441
55.570224679033345,,,,,dataset_3,66.68426961484
21.37245057655168,,,,,dataset_3,25.646940691862017
46.29711393465566,,,,,dataset_3,55.556536721586795
47.7389823084139,,,,,dataset_3,57.28677877009668
45.739799839938826,,,,,dataset_3,54.88775980792659
64.43057056884632,,,,,dataset_3,77.31668468261559
37.369389518395096,,,,,dataset_3,44.84326742207411
74.30831308036113,,,,,dataset_3,89.16997569643335
40.11957445327124,,,,,dataset_3,48.14348934392549
37.900662401869965,,,,,dataset_3,45.480794882243956
27.441566098539912,,,,,dataset_3,32.92987931824789
40.80617889395872,,,,,dataset_3,48.967414672750465
70.0213164543039,,,,,dataset_3,84.02557974516468
17.3604224424426,,,,,dataset_3,20.83250693093112
18.8689241896929,,,,,dataset_3,22.64270902763148
70.31857454514183,,,,,dataset_3,84.38228945417019
41.40117103708866,,,,,dataset_3,49.68140524450639
64.79941932812909,,,,,dataset_3,77.7593031937549
33.748616984883945,,,,,dataset_3,40.498340381860736
36.93526884180482,,,,,dataset_3,44.322322610165784
30.933204849686145,,,,,dataset_3,37.11984581962337
19.529303035516797,,,,,dataset_3,23.435163642620157
45.5066143653965,,,,,dataset_3,54.6079372384758
17.26227453171676,,,,,dataset_3,20.71472943806011
40.71250684078056,,,,,dataset_3,48.855008208936674
58.694929537515165,,,,,dataset_3,70.4339154450182
50.57964799491562,,,,,dataset_3,60.69557759389874
10.11229542562239,,,,,dataset_3,12.134754510746868
32.87656438636527,,,,,dataset_3,39.451877263638316
43.35137102844438,,,,,dataset_3,52.02164523413326
22.909570532764505,,,,,dataset_3,27.491484639317406
21.66426134840659,,,,,dataset_3,25.99711361808791
15.724587685234336,,,,,dataset_3,18.8695052222812
65.01005590136693,,,,,dataset_3,78.01206708164031
14.322378152989211,,,,,dataset_3,17.186853783587054
54.55873932161224,,,,,dataset_3,65.47048718593469
15.689197234566253,,,,,dataset_3,18.827036681479502
66.25886848204033,,,,,dataset_3,79.51064217844839
63.107305813718405,,,,,dataset_3,75.72876697646208
68.31117046405771,,,,,dataset_3,81.97340455686926
35.51366430138134,,,,,dataset_3,42.61639716165761
56.17322773564704,,,,,dataset_3,67.40787328277645
48.13196377159195,,,,,dataset_3,57.75835652591034
60.142299196533635,,,,,dataset_3,72.17075903584036
54.42230687831163,,,,,dataset_3,65.30676825397396
25.18078008381389,,,,,dataset_3,30.216936100576667
51.43569353799532,,,,,dataset_3,61.72283224559438
73.73792434762603,,,,,dataset_3,88.48550921715123
75.38337367264546,,,,,dataset_3,90.46004840717455
57.59393864703644,,,,,dataset_3,69.11272637644372
11.25928772347686,,,,,dataset_3,13.51114526817223
68.0001602138808,,,,,dataset_3,81.60019225665697
62.18713271024447,,,,,dataset_3,74.62455925229337
74.99581643902614,,,,,dataset_3,89.99497972683137
21.80223278822091,,,,,dataset_3,26.16267934586509
34.3597691130354,,,,,dataset_3,41.23172293564247
73.7173788443026,,,,,dataset_3,88.46085461316312
34.20147610079142,,,,,dataset_3,41.0417713209497
30.92851132347515,,,,,dataset_3,37.11421358817018
36.16837272671823,,,,,dataset_3,43.40204727206188
47.90745773798334,,,,,dataset_3,57.48894928558001
60.86176619026751,,,,,dataset_3,73.034119428321
60.7285057640675,,,,,dataset_3,72.874206916881
11.006810797766416,,,,,dataset_3,13.208172957319698
44.43197673576171,,,,,dataset_3,53.318372082914046
48.623523490867214,,,,,dataset_3,58.348228189040654
61.76622568880287,,,,,dataset_3,74.11947082656344
77.98701119330354,,,,,dataset_3,93.58441343196425
66.11376451245008,,,,,dataset_3,79.33651741494009
58.28509871515245,,,,,dataset_3,69.94211845818293
12.585027366372074,,,,,dataset_3,15.102032839646489
23.07804718391391,,,,,dataset_3,27.69365662069669
50.262223055104734,,,,,dataset_3,60.31466766612568
77.1866741520679,,,,,dataset_3,92.62400898248147
64.42967950729724,,,,,dataset_3,77.31561540875668
59.241113928864,,,,,dataset_3,71.0893367146368
69.51944367529815,,,,,dataset_3,83.42333241035777
46.75840237870022,,,,,dataset_3,56.11008285444026
25.201071575151367,,,,,dataset_3,30.24128589018164
41.28686779425277,,,,,dataset_3,49.544241353103324
21.449483971587036,,,,,dataset_3,25.739380765904443
62.11364292035804,,,,,dataset_3,74.53637150442964
52.03320592169782,,,,,dataset_3,62.439847106037384
21.24987591952584,,,,,dataset_3,25.49985110343101
76.93495624392422,,,,,dataset_3,92.32194749270906
50.64036891666661,,,,,dataset_3,60.76844269999993
36.719984725358785,,,,,dataset_3,44.06398167043054
71.65733984389672,,,,,dataset_3,85.98880781267606
29.21521463637748,,,,,dataset_3,35.05825756365297
46.30633911073231,,,,,dataset_3,55.56760693287877
43.50753382103921,,,,,dataset_3,52.20904058524705
18.154023579872497,,,,,dataset_3,21.784828295846996
10.95323060791791,,,,,dataset_3,13.14387672950149
44.89914583290757,,,,,dataset_3,53.87897499948908
53.34508618733821,,,,,dataset_3,64.01410342480585
16.083038551212688,,,,,dataset_3,19.299646261455226
48.90801276741015,,,,,dataset_3,58.68961532089217
52.41508540615448,,,,,dataset_3,62.89810248738537
52.10798462798073,,,,,dataset_3,62.52958155357687
66.17023347655731,,,,,dataset_3,79.40428017186878
21.97915345279406,,,,,dataset_3,26.37498414335287
42.059534455448485,,,,,dataset_3,50.47144134653818
36.22131547651378,,,,,dataset_3,43.465578571816536
45.75763660609637,,,,,dataset_3,54.90916392731564
25.935840051569812,,,,,dataset_3,31.123008061883773
11.393695079982953,,,,,dataset_3,13.672434095979543
34.69285874218006,,,,,dataset_3,41.63143049061607
56.9546215156062,,,,,dataset_3,68.34554581872743
16.684966568392596,,,,,dataset_3,20.021959882071116
63.69461109784738,,,,,dataset_3,76.43353331741685
24.798198752873738,,,,,dataset_3,29.757838503448482
56.09145799847859,,,,,dataset_3,67.3097495981743
49.93845595943387,,,,,dataset_3,59.926147151320635
38.474587268346234,,,,,dataset_3,46.16950472201548
37.59229751656892,,,,,dataset_3,45.110757019882705
45.703283006042426,,,,,dataset_3,54.84393960725091
14.10384153836793,,,,,dataset_3,16.924609846041516
46.00771090524819,,,,,dataset_3,55.20925308629783
54.948501876617435,,,,,dataset_3,65.93820225194092
43.4598160366675,,,,,dataset_3,52.151779244001
36.4607605038853,,,,,dataset_3,43.752912604662356
69.08809131735566,,,,,dataset_3,82.9057095808268
23.58927637134626,,,,,dataset_3,28.30713164561551
46.55284594721443,,,,,dataset_3,55.863415136657316
34.4833872461272,,,,,dataset_3,41.38006469535264
47.668474011833645,,,,,dataset_3,57.20216881420037
37.58578398225429,,,,,dataset_3,45.10294077870515
17.339071589546116,,,,,dataset_3,20.80688590745534
37.677353219337085,,,,,dataset_3,45.2128238632045
50.14921416932489,,,,,dataset_3,60.17905700318987
49.66141156740456,,,,,dataset_3,59.593693880885475
59.579700755005646,,,,,dataset_3,71.49564090600677
30.91856270005533,,,,,dataset_3,37.10227524006639
33.78383629431538,,,,,dataset_3,40.54060355317845
48.4725281422909,,,,,dataset_3,58.16703377074907
54.76523767015535,,,,,dataset_3,65.71828520418642
69.47767352578346,,,,,dataset_3,83.37320823094015
27.15963053474275,,,,,dataset_3,32.5915566416913
17.678540473698348,,,,,dataset_3,21.214248568438016
50.17815400598141,,,,,dataset_3,60.21378480717769
28.874351641472643,,,,,dataset_3,34.64922196976717
68.00840148178143,,,,,dataset_3,81.61008177813771
28.55540215145488,,,,,dataset_3,34.266482581745855
73.14207989325936,,,,,dataset_3,87.77049587191124
43.17626775290897,,,,,dataset_3,51.811521303490764
33.270914663320326,,,,,dataset_3,39.92509759598439
37.52722414443012,,,,,dataset_3,45.03266897331614
23.05489317998901,,,,,dataset_3,27.665871815986808
15.9323118607661,,,,,dataset_3,19.11877423291932
58.98623704600523,,,,,dataset_3,70.78348445520628
77.41864736662828,,,,,dataset_3,92.90237683995393
12.459104610456656,,,,,dataset_3,14.950925532547986
15.370574755325803,,,,,dataset_3,18.444689706390964
65.48592327926457,,,,,dataset_3,78.58310793511748
14.40387292525292,,,,,dataset_3,17.284647510303504
39.11124624960945,,,,,dataset_3,46.93349549953134
50.38911482703423,,,,,dataset_3,60.46693779244107
57.421965817828465,,,,,dataset_3,68.90635898139415
33.62744572574951,,,,,dataset_3,40.35293487089941
56.15825502820665,,,,,dataset_3,67.38990603384798
27.01286482709627,,,,,dataset_3,32.41543779251552
13.46643921174528,,,,,dataset_3,16.159727054094336
53.81095982182643,,,,,dataset_3,64.57315178619172
45.88279023436424,,,,,dataset_3,55.05934828123709
69.71037752200992,,,,,dataset_3,83.6524530264119
41.194288427679936,,,,,dataset_3,49.43314611321592
14.71021351246058,,,,,dataset_3,17.652256214952697
72.66356563185181,,,,,dataset_3,87.19627875822216
43.75242115113592,,,,,dataset_3,52.5029053813631
51.99735330745781,,,,,dataset_3,62.39682396894936
34.680267328330416,,,,,dataset_3,41.6163207939965
79.18044177425485,,,,,dataset_3,95.01653012910582
54.06418273338824,,,,,dataset_3,64.8770192800659
30.79720282902366,,,,,dataset_3,36.95664339482839
48.26988762999296,,,,,dataset_3,57.92386515599155
